Space group number,A,B,C,Alpha_90,Alpha,Beta_90,Beta,Gamma_90,Gamma,Z value,Molecular weight_category,S_L_category,M_L_category,S_M_category,S_category,Globularity_category,FrTPSA_category,Dipole moment_category,Calculated volume,Calculated density
14,7.8,4.98,9.1,True,90.0,False,110.17,True,90.0,2,1,1,3,2,1,6,1,2,331.8,1.532
29,5.95,19.29,5.77,True,90.0,True,90.0,True,90.0,4,1,1,1,4,1,6,3,2,662.25,1.535
15,13.12,6.61,15.03,True,90.0,False,94.92,True,90.0,8,1,1,3,2,2,6,3,2,1298.65,1.566
19,7.93,10.75,7.58,True,90.0,True,90.0,True,90.0,4,1,1,3,1,1,6,4,2,646.18,1.573
2,8.09,7.8,10.54,False,80.98,False,82.95,False,81.28,4,1,1,1,4,2,6,2,2,645.93,1.574
14,10.7,7.16,8.59,True,90.0,False,92.99,True,90.0,4,1,1,3,3,3,6,2,2,657.2,1.547
14,13.42,8.07,13.13,True,90.0,False,110.61,True,90.0,8,1,1,2,3,2,6,4,2,1330.96,1.528
14,6.06,4.79,11.1,True,90.0,False,92.4,True,90.0,2,1,1,2,2,1,6,4,2,321.92,1.579
14,7.01,11.53,16.73,True,90.0,False,109.29,True,90.0,8,1,1,4,3,2,6,2,2,1276.29,1.593
2,7.55,7.34,6.77,False,69.49,False,75.46,False,79.84,2,1,1,1,5,2,6,5,2,338.52,1.501
33,9.56,4.22,16.28,True,90.0,True,90.0,True,90.0,4,1,1,2,3,1,6,3,2,656.79,1.548
14,8.07,5.93,13.38,True,90.0,False,92.27,True,90.0,4,1,1,1,3,1,6,2,2,639.8,1.589
19,8.04,8.76,9.65,True,90.0,True,90.0,True,90.0,4,1,1,3,3,3,6,2,2,679.65,1.496
61,11.37,11.41,9.86,True,90.0,True,90.0,True,90.0,8,1,1,4,1,1,6,1,2,1279.15,1.589
14,7.86,8.37,20.07,True,90.0,False,98.41,True,90.0,8,1,1,2,3,2,6,4,2,1306.17,1.557
29,8.73,7.68,9.77,True,90.0,True,90.0,True,90.0,4,1,1,2,3,3,4,3,2,655.04,1.552
61,11.41,13.09,9.09,True,90.0,True,90.0,True,90.0,8,1,1,3,1,2,6,3,2,1357.65,1.497
14,6.13,16.73,6.62,True,90.0,False,91.78,True,90.0,4,1,1,2,3,1,6,2,2,678.59,1.498
14,6.05,14.91,7.37,True,90.0,False,95.84,True,90.0,4,1,1,2,3,3,6,5,2,661.36,1.537
14,7.53,13.05,6.73,True,90.0,False,102.99,True,90.0,4,1,1,2,3,3,6,3,2,644.41,1.577
61,9.43,6.57,20.7,True,90.0,True,90.0,True,90.0,8,1,1,4,1,2,6,4,2,1282.47,1.585
14,9.67,6.89,10.88,True,90.0,False,111.82,True,90.0,4,1,1,2,1,1,6,2,2,672.96,1.511
14,7.42,14.78,6.16,True,90.0,False,109.13,True,90.0,4,1,1,2,3,2,6,2,2,638.25,1.593
14,7.52,5.67,15.64,True,90.0,False,89.95,True,90.0,4,1,1,1,3,1,6,5,2,666.86,1.524
61,7.77,7.58,22.1,True,90.0,True,90.0,True,90.0,8,1,1,4,2,3,6,4,2,1301.61,1.562
61,8.08,17.04,9.72,True,90.0,True,90.0,True,90.0,8,1,1,2,2,3,5,3,2,1338.28,1.519
19,7.27,13.45,6.87,True,90.0,True,90.0,True,90.0,4,1,1,3,1,1,5,3,2,671.76,1.513
15,9.37,11.32,12.33,True,90.0,False,101.22,True,90.0,8,1,1,3,1,1,6,3,2,1282.83,1.585
14,7.96,5.92,14.33,True,90.0,False,104.84,True,90.0,4,1,1,1,4,1,6,3,2,652.75,1.557
2,6.01,11.44,5.2,False,70.78,False,93.92,False,79.78,2,1,1,1,6,1,6,4,2,329.13,1.544
19,6.67,10.56,9.11,True,90.0,True,90.0,True,90.0,4,1,1,3,3,3,6,4,2,641.66,1.584
14,11.21,6.07,5.33,True,90.0,False,112.33,True,90.0,2,1,1,2,3,3,6,4,2,335.48,1.515
14,7.52,16.14,11.31,True,90.0,False,100.56,True,90.0,8,1,1,3,1,2,6,3,2,1349.48,1.507
15,14.24,11.83,8.27,True,90.0,False,110.7,True,90.0,8,1,1,2,3,2,5,3,2,1303.22,1.56
14,8.13,8.09,10.37,True,90.0,False,110.23,True,90.0,4,1,1,3,1,1,6,2,2,639.98,1.588
14,8.43,6.69,12.32,True,90.0,False,109.71,True,90.0,4,1,1,2,3,3,6,3,2,654.1,1.554
9,6.99,8.4,11.05,True,90.0,False,95.16,True,90.0,4,1,1,2,3,3,6,3,2,646.18,1.573
14,8.04,9.49,9.18,True,90.0,False,104.66,True,90.0,4,1,1,3,2,3,4,3,2,677.63,1.5
14,7.5,5.12,8.44,True,90.0,False,98.06,True,90.0,2,1,1,4,2,1,6,2,2,320.89,1.584
14,6.42,7.85,12.91,True,90.0,False,96.27,True,90.0,4,1,1,2,3,2,6,2,2,646.73,1.572
61,7.95,11.62,14.71,True,90.0,True,90.0,True,90.0,8,1,1,4,3,2,5,4,2,1358.9,1.496
15,11.77,16.96,7.03,True,90.0,False,105.22,True,90.0,8,1,1,3,4,4,4,3,2,1354.1,1.501
61,7.16,11.5,7.97,True,90.0,True,90.0,True,90.0,4,1,1,2,3,1,6,2,2,656.25,1.549
15,9.21,6.62,24.67,True,90.0,False,117.08,True,90.0,8,1,1,1,3,2,6,4,2,1339.24,1.518
14,10.22,12.2,11.05,True,90.0,False,111.55,True,90.0,8,1,1,3,2,2,6,2,2,1281.45,1.587
2,6.69,9.26,5.77,False,72.1,False,84.12,False,78.22,2,1,1,1,5,3,6,5,2,332.68,1.528
14,7.16,9.66,9.83,True,90.0,False,94.14,True,90.0,4,1,1,4,3,1,6,3,2,678.12,1.499
33,10.48,8.09,7.8,True,90.0,True,90.0,True,90.0,4,1,1,2,3,1,6,3,2,661.31,1.537
14,5.44,10.69,11.5,True,90.0,False,96.0,True,90.0,4,1,1,2,3,3,6,3,2,665.1,1.528
61,7.92,8.0,20.53,True,90.0,True,90.0,True,90.0,8,1,1,4,2,1,6,3,2,1300.78,1.563
14,9.32,5.53,13.44,True,90.0,False,105.22,True,90.0,4,1,1,1,5,1,6,5,2,668.4,1.521
14,13.89,9.16,12.06,True,90.0,False,118.54,True,90.0,8,1,1,2,3,3,6,2,2,1347.97,1.508
14,6.76,6.2,8.02,True,90.0,False,98.47,True,90.0,2,1,1,3,4,2,6,2,2,332.47,1.529
2,8.74,9.17,9.41,False,72.52,False,84.32,False,64.62,4,1,1,2,3,3,6,2,2,649.53,1.565
2,9.75,7.71,10.51,False,79.24,False,76.03,False,62.58,4,1,1,2,2,3,4,2,2,677.94,1.499
2,6.96,10.04,10.62,False,66.5,False,87.12,False,77.12,4,1,1,3,1,2,5,2,2,662.81,1.534
19,9.56,10.26,13.51,True,90.0,True,90.0,True,90.0,8,1,1,2,3,3,5,4,2,1325.14,1.534
14,10.35,5.23,12.77,True,90.0,False,109.31,True,90.0,4,1,1,2,3,2,6,4,2,652.36,1.558
2,6.81,7.72,6.41,False,78.79,False,88.37,False,79.62,2,1,1,4,1,2,6,2,2,325.15,1.563
29,6.95,7.97,11.54,True,90.0,True,90.0,True,90.0,4,1,1,4,2,1,6,3,2,639.22,1.59
14,7.8,5.42,16.92,True,90.0,False,112.25,True,90.0,4,1,1,2,3,2,5,4,2,662.05,1.535
29,8.45,5.46,14.45,True,90.0,True,90.0,True,90.0,4,1,1,3,2,2,6,2,2,666.68,1.525
14,6.56,7.77,13.39,True,90.0,False,101.53,True,90.0,4,1,1,4,1,1,6,2,2,668.73,1.52
14,9.75,4.78,7.14,True,90.0,False,98.93,True,90.0,2,1,1,2,3,2,6,5,2,328.73,1.546
14,17.28,6.29,13.13,True,90.0,False,110.29,True,90.0,8,1,1,3,1,2,5,5,2,1338.56,1.519
14,10.22,9.82,6.89,True,90.0,False,108.05,True,90.0,4,1,1,1,5,2,6,2,2,657.45,1.546
2,8.66,7.6,5.78,False,79.0,False,74.78,False,64.0,2,1,1,3,3,3,6,5,2,328.66,1.546
14,10.55,4.87,12.47,True,90.0,False,93.07,True,90.0,4,1,1,4,2,2,6,3,2,639.77,1.589
14,10.59,5.71,11.76,True,90.0,False,114.96,True,90.0,4,1,1,3,2,2,6,3,2,644.7,1.577
2,8.18,9.49,8.75,False,86.44,False,99.62,False,77.26,4,1,1,1,6,2,6,3,2,649.74,1.565
19,11.49,7.85,14.17,True,90.0,True,90.0,True,90.0,8,1,1,3,3,2,6,2,2,1278.08,1.591
1,11.86,8.39,7.56,False,70.68,False,83.06,False,64.22,4,1,1,1,3,2,6,5,2,639.01,1.591
14,12.14,7.21,15.65,True,90.0,False,105.48,True,90.0,8,1,1,2,2,2,6,2,2,1320.14,1.54
29,10.79,5.4,11.2,True,90.0,True,90.0,True,90.0,4,1,1,1,3,2,6,2,2,652.58,1.558
2,10.58,9.61,6.85,False,75.63,False,77.68,False,80.56,4,1,1,1,4,2,6,2,2,654.58,1.553
14,9.48,7.23,10.1,True,90.0,False,105.48,True,90.0,4,1,1,2,3,2,6,2,2,667.15,1.524
1,5.27,11.38,11.02,False,86.35,False,94.22,False,93.1,4,1,1,3,3,3,6,3,2,656.96,1.547
14,5.16,11.14,11.62,True,90.0,False,102.64,True,90.0,4,1,1,3,3,1,6,3,2,651.76,1.56
2,6.54,7.29,7.3,False,72.96,False,80.28,False,80.64,2,1,1,3,2,1,6,4,2,325.61,1.561
14,8.69,8.99,8.56,True,90.0,False,98.31,True,90.0,4,1,1,2,3,1,6,3,2,661.71,1.536
15,17.33,8.54,8.81,True,90.0,False,98.28,True,90.0,8,1,1,2,3,2,6,3,2,1290.27,1.576
33,10.28,14.25,9.14,True,90.0,True,90.0,True,90.0,8,1,1,2,3,2,6,1,2,1338.92,1.518
14,11.58,5.98,18.51,True,90.0,False,92.44,True,90.0,8,1,1,2,6,4,5,3,2,1280.63,1.588
15,10.2,9.47,13.67,True,90.0,False,98.67,True,90.0,8,1,1,4,1,1,6,3,2,1305.35,1.557
29,7.08,13.48,6.7,True,90.0,True,90.0,True,90.0,4,1,1,2,3,1,6,2,2,639.44,1.59
2,6.46,8.44,13.27,False,101.76,False,104.72,False,100.36,4,1,1,4,2,2,6,3,2,664.27,1.53
2,8.59,11.27,6.95,False,86.19,False,84.14,False,79.54,4,1,1,1,1,1,6,3,2,657.4,1.546
2,6.04,7.63,15.23,False,88.08,False,108.05,False,99.2,4,1,1,2,2,1,6,3,2,658.66,1.543
5,7.53,8.2,10.5,True,90.0,False,85.77,True,90.0,4,1,1,1,6,2,6,4,2,646.57,1.572
19,3.64,9.49,19.14,True,90.0,True,90.0,True,90.0,4,1,1,3,3,1,6,3,2,661.16,1.537
19,4.35,7.14,20.8,True,90.0,True,90.0,True,90.0,4,1,1,1,5,2,6,5,2,646.03,1.574
14,8.85,8.25,10.06,True,90.0,False,117.02,True,90.0,4,1,1,2,4,2,6,4,2,654.33,1.554
14,8.11,8.08,10.32,True,90.0,False,98.2,True,90.0,4,1,1,2,3,1,6,5,2,669.34,1.519
33,13.07,5.91,8.3,True,90.0,True,90.0,True,90.0,4,1,1,1,2,2,6,2,2,641.12,1.586
15,13.25,8.17,12.62,True,90.0,False,95.67,True,90.0,8,1,1,3,2,3,6,3,2,1359.46,1.495
14,5.22,14.7,9.37,True,90.0,False,109.89,True,90.0,4,1,1,2,3,1,6,2,2,676.11,1.504
33,6.73,11.84,8.27,True,90.0,True,90.0,True,90.0,4,1,1,2,5,2,6,2,2,658.98,1.543
4,7.71,7.51,11.58,True,90.0,False,101.24,True,90.0,4,1,1,1,3,3,5,5,2,657.65,1.546
9,6.49,13.56,7.44,True,90.0,False,95.57,True,90.0,4,1,1,3,3,3,6,3,2,651.66,1.56
33,10.74,6.04,10.13,True,90.0,True,90.0,True,90.0,4,1,1,3,1,2,6,3,2,657.13,1.547
14,4.78,17.52,7.75,True,90.0,False,98.05,True,90.0,4,1,1,2,2,1,6,3,2,642.63,1.582
14,11.05,8.76,15.09,True,90.0,False,115.16,True,90.0,8,1,1,2,3,2,6,2,2,1322.1,1.538
2,8.84,7.12,10.78,False,87.09,False,97.9,False,80.34,4,1,1,2,3,2,6,3,2,660.64,1.539
14,10.57,11.29,10.9,True,90.0,False,94.57,True,90.0,8,1,1,3,2,1,6,3,2,1296.62,1.568
2,6.56,5.6,10.93,False,105.33,False,111.32,False,102.7,2,1,1,3,3,4,5,4,2,337.69,1.505
14,8.17,5.36,7.63,True,90.0,False,83.48,True,90.0,2,1,1,3,1,1,6,3,2,331.97,1.531
61,7.95,6.51,25.1,True,90.0,True,90.0,True,90.0,8,1,1,4,2,1,6,3,2,1299.04,1.565
14,8.01,7.09,11.5,True,90.0,False,100.94,True,90.0,4,1,1,3,2,1,6,4,2,641.23,1.585
15,10.85,6.33,10.19,True,90.0,False,110.06,True,90.0,4,1,1,2,3,2,6,4,2,657.4,1.546
2,10.85,8.78,15.29,False,106.47,False,105.0,False,92.84,8,1,1,4,3,2,6,5,2,1337.28,1.52
14,6.37,4.37,24.28,True,90.0,False,92.39,True,90.0,4,1,1,1,2,1,6,5,2,675.29,1.505
15,8.72,9.52,16.51,True,90.0,False,109.99,True,90.0,8,1,1,3,3,2,6,4,2,1287.99,1.578
14,5.5,5.53,10.69,True,90.0,False,98.48,True,90.0,2,1,1,2,3,2,6,3,2,321.58,1.581
14,7.86,11.54,7.33,True,90.0,False,102.11,True,90.0,4,1,1,3,3,3,6,5,2,650.07,1.564
14,12.19,4.26,13.38,True,90.0,False,104.31,True,90.0,4,1,1,2,1,1,6,3,2,673.26,1.51
15,12.07,5.6,22.37,True,90.0,False,117.84,True,90.0,8,1,1,4,2,3,6,4,2,1337.02,1.521
14,5.01,5.19,24.94,True,90.0,False,92.66,True,90.0,4,1,1,3,2,1,6,3,2,647.79,1.569
14,15.56,8.84,10.03,True,90.0,False,107.08,True,90.0,8,1,1,3,2,2,5,2,2,1318.78,1.542
2,5.81,10.02,6.12,False,70.94,False,88.56,False,86.34,2,1,1,2,2,1,6,2,2,336.06,1.512
14,6.51,8.14,12.43,True,90.0,False,77.42,True,90.0,4,1,1,2,3,2,6,4,2,642.87,1.581
2,5.83,6.98,8.34,False,101.66,False,97.84,False,94.61,2,1,1,4,1,1,6,4,2,327.23,1.553
19,7.92,10.77,15.71,True,90.0,True,90.0,True,90.0,8,1,1,3,3,2,6,4,2,1340.04,1.517
14,8.83,6.23,13.98,True,90.0,False,118.14,True,90.0,4,1,1,2,4,2,5,4,2,678.15,1.499
61,10.2,8.17,15.78,True,90.0,True,90.0,True,90.0,8,1,1,4,2,1,5,2,2,1315.01,1.546
14,6.38,4.51,11.87,True,90.0,False,98.27,True,90.0,2,1,1,1,3,2,6,5,2,337.99,1.504
14,8.1,6.49,12.65,True,90.0,False,99.06,True,90.0,4,1,1,2,3,2,6,2,2,656.7,1.548
2,8.28,3.93,11.12,False,101.13,False,105.57,False,101.32,2,1,1,4,3,1,6,2,2,330.02,1.54
33,17.23,7.01,5.45,True,90.0,True,90.0,True,90.0,4,1,1,2,5,2,6,3,2,658.26,1.544
2,12.06,8.06,7.74,False,81.25,False,72.95,False,64.86,4,1,1,3,3,2,6,4,2,650.82,1.562
14,9.14,11.25,7.19,True,90.0,False,114.42,True,90.0,4,1,1,2,3,2,6,5,2,673.17,1.51
14,5.72,10.26,22.59,True,90.0,False,99.84,True,90.0,8,1,1,4,1,1,6,4,2,1306.24,1.556
9,5.83,11.55,20.18,True,90.0,False,93.51,True,90.0,8,1,1,2,2,1,6,4,2,1356.3,1.499
2,7.32,7.23,13.0,False,73.54,False,90.49,False,89.99,4,1,1,3,2,1,6,4,2,659.78,1.541
2,8.25,9.25,17.35,False,86.76,False,90.68,False,78.91,8,1,1,3,3,2,6,4,2,1296.87,1.568
19,5.44,11.26,10.8,True,90.0,True,90.0,True,90.0,4,1,1,4,2,1,6,2,2,661.55,1.537
15,10.2,18.32,8.29,True,90.0,False,118.76,True,90.0,8,1,1,2,1,1,6,4,2,1358.01,1.497
33,9.04,9.02,8.32,True,90.0,True,90.0,True,90.0,4,1,1,4,1,1,6,4,2,678.42,1.498
14,6.11,12.11,9.7,True,90.0,False,110.52,True,90.0,4,1,1,4,1,1,6,2,2,672.18,1.512
14,6.45,9.98,10.42,True,90.0,False,101.17,True,90.0,4,1,1,2,3,2,6,2,2,658.04,1.545
14,11.54,8.65,13.21,True,90.0,False,103.63,True,90.0,8,1,1,2,3,3,6,5,2,1281.5,1.586
29,6.01,11.52,9.62,True,90.0,True,90.0,True,90.0,4,1,1,2,4,3,5,2,2,666.04,1.526
33,13.21,4.8,10.19,True,90.0,True,90.0,True,90.0,4,1,1,4,1,1,6,2,2,646.13,1.573
2,6.96,9.44,5.64,False,68.08,False,80.5,False,68.17,2,1,1,3,1,2,6,4,2,318.97,1.593
19,12.96,5.5,9.0,True,90.0,True,90.0,True,90.0,4,1,1,1,5,2,6,2,2,641.52,1.585
14,9.61,9.95,14.78,True,90.0,False,114.97,True,90.0,8,1,1,2,4,2,5,3,2,1281.16,1.587
15,15.56,8.8,10.5,True,90.0,False,110.79,True,90.0,8,1,1,2,3,2,6,4,2,1344.13,1.513
14,6.47,5.53,18.32,True,90.0,False,96.72,True,90.0,4,1,1,2,2,2,6,4,2,650.97,1.562
14,11.86,8.72,13.57,True,90.0,False,108.92,True,90.0,8,1,1,2,2,3,5,3,2,1327.58,1.531
33,16.85,6.42,12.57,True,90.0,True,90.0,True,90.0,8,1,1,3,2,2,5,4,2,1359.78,1.495
14,14.87,8.0,11.1,True,90.0,False,88.76,True,90.0,8,1,1,4,2,2,6,3,2,1320.15,1.54
2,7.44,8.4,12.57,False,105.31,False,79.88,False,65.93,4,1,1,4,2,1,6,3,2,655.01,1.552
1,6.14,8.24,13.9,False,112.17,False,100.27,False,85.2,4,1,1,1,5,3,6,4,2,640.72,1.587
2,8.41,7.4,5.59,False,80.3,False,91.9,False,80.88,2,1,1,1,2,1,6,4,2,337.94,1.504
9,10.61,6.83,9.44,True,90.0,False,99.9,True,90.0,4,1,1,2,3,2,6,4,2,673.9,1.508
9,6.11,10.03,11.02,True,90.0,False,100.84,True,90.0,4,1,1,2,3,1,6,5,2,663.29,1.533
2,8.89,9.06,9.18,False,87.01,False,104.66,False,66.62,4,1,1,3,2,1,6,3,2,646.82,1.572
14,7.59,3.94,23.17,True,90.0,False,109.31,True,90.0,4,1,1,1,4,2,5,3,2,653.91,1.555
5,10.28,7.64,16.65,True,90.0,False,92.71,True,90.0,8,1,1,3,2,1,6,4,2,1306.22,1.556
1,9.69,7.59,10.42,False,87.97,False,78.65,False,62.18,4,1,1,2,4,2,6,5,2,663.12,1.533
15,17.43,8.0,9.87,True,90.0,False,105.14,True,90.0,8,1,1,2,2,1,6,5,2,1328.5,1.53
33,16.17,6.06,6.77,True,90.0,True,90.0,True,90.0,4,1,1,3,1,2,6,2,2,663.39,1.532
2,8.18,14.18,5.64,False,87.69,False,90.41,False,80.21,4,1,1,3,2,2,6,4,2,644.08,1.578
2,4.28,7.98,9.92,False,88.22,False,94.1,False,92.93,2,1,1,3,3,3,6,2,2,337.38,1.507
14,11.88,6.3,9.12,True,90.0,False,95.65,True,90.0,4,1,1,4,2,2,6,3,2,679.26,1.497
14,13.08,8.87,11.67,True,90.0,False,92.26,True,90.0,8,1,1,3,1,1,6,2,2,1352.9,1.503
19,4.94,7.68,17.56,True,90.0,True,90.0,True,90.0,4,1,1,3,2,1,6,4,2,666.21,1.526
14,8.01,11.21,7.57,True,90.0,False,96.12,True,90.0,4,1,1,2,1,2,6,2,2,675.85,1.504
14,12.89,5.78,9.15,True,90.0,False,96.52,True,90.0,4,1,1,2,3,2,6,2,2,677.3,1.501
2,6.62,5.39,10.41,False,103.48,False,104.98,False,102.93,2,1,1,3,2,1,6,2,2,332.61,1.528
33,11.8,5.65,19.56,True,90.0,True,90.0,True,90.0,8,1,1,2,2,1,6,2,2,1304.07,1.559
14,7.54,5.59,15.61,True,90.0,False,97.77,True,90.0,4,1,1,2,3,2,6,5,2,651.9,1.559
29,6.33,13.45,15.26,True,90.0,True,90.0,True,90.0,8,1,1,3,3,2,6,3,2,1299.21,1.565
61,12.89,5.47,18.25,True,90.0,True,90.0,True,90.0,8,1,1,2,5,2,6,4,2,1286.78,1.58
14,6.44,6.54,16.09,True,90.0,False,95.89,True,90.0,4,1,1,4,1,3,4,2,2,674.09,1.508
2,7.49,10.03,9.43,False,69.5,False,83.69,False,81.97,4,1,1,4,1,1,6,4,2,655.63,1.55
2,11.06,12.63,10.8,False,107.83,False,77.52,False,79.06,8,1,1,2,2,2,5,2,2,1348.02,1.508
2,7.62,8.0,12.41,False,86.19,False,74.83,False,64.75,4,1,1,3,2,1,6,4,2,659.5,1.541
2,5.1,4.55,14.71,False,81.14,False,88.69,False,80.03,2,1,1,2,3,1,6,3,2,332.18,1.53
4,6.93,9.35,5.34,True,90.0,False,112.08,True,90.0,2,1,1,3,1,1,5,2,2,320.63,1.585
19,11.05,5.92,19.87,True,90.0,True,90.0,True,90.0,8,1,1,3,2,3,6,4,2,1299.82,1.564
19,6.88,15.02,6.22,True,90.0,True,90.0,True,90.0,4,1,1,3,3,2,5,2,2,642.76,1.582
2,7.9,8.21,11.0,False,106.23,False,95.83,False,98.58,4,1,1,4,1,1,6,5,2,669.59,1.518
14,10.23,5.93,10.95,True,90.0,False,93.73,True,90.0,4,1,1,3,3,3,6,4,2,662.86,1.534
15,14.61,6.79,13.48,True,90.0,False,105.46,True,90.0,8,1,1,2,3,2,6,3,2,1288.86,1.577
14,9.08,8.42,9.17,True,90.0,False,104.55,True,90.0,4,1,1,2,3,3,6,2,2,678.6,1.498
4,5.01,4.05,16.21,True,90.0,False,98.82,True,90.0,2,1,1,4,2,2,6,3,2,325.02,1.564
2,7.98,7.94,11.19,False,88.25,False,108.82,False,87.69,4,1,1,4,2,1,6,4,2,669.85,1.518
4,9.76,4.83,7.35,True,90.0,False,103.83,True,90.0,2,1,1,4,2,2,6,4,2,336.44,1.511
9,7.95,16.89,10.14,True,90.0,False,98.28,True,90.0,8,1,1,3,2,1,6,4,2,1347.36,1.509
1,6.77,5.89,8.51,False,87.53,False,84.12,False,80.07,2,1,1,1,4,1,6,3,2,332.38,1.529
33,8.34,16.13,4.97,True,90.0,True,90.0,True,90.0,4,1,1,3,2,3,4,2,2,668.59,1.52
14,6.26,16.77,6.72,True,90.0,False,108.15,True,90.0,4,1,1,1,6,3,5,1,2,670.37,1.516
2,6.09,4.65,12.6,False,88.18,False,75.84,False,71.15,2,1,1,4,2,3,6,3,2,326.98,1.554
14,10.04,15.89,8.43,True,90.0,False,101.42,True,90.0,8,1,1,4,2,1,6,4,2,1318.26,1.542
14,8.71,4.93,15.98,True,90.0,False,99.7,True,90.0,4,1,1,4,1,1,6,3,2,676.38,1.503
33,17.57,10.42,3.56,True,90.0,True,90.0,True,90.0,4,1,1,1,3,2,4,3,2,651.76,1.56
14,8.02,9.92,17.34,True,90.0,False,109.05,True,90.0,8,1,1,3,1,1,6,2,2,1303.99,1.559
2,8.3,7.98,21.81,False,88.72,False,96.19,False,67.07,8,1,1,4,2,1,6,4,2,1319.39,1.541
9,8.54,9.62,15.82,True,90.0,False,93.22,True,90.0,8,1,1,2,3,2,6,4,2,1297.64,1.567
33,5.29,15.05,8.29,True,90.0,True,90.0,True,90.0,4,1,1,1,3,1,6,5,2,660.0,1.54
14,11.74,8.26,7.35,True,90.0,False,113.03,True,90.0,4,1,1,2,2,3,5,2,2,655.94,1.55
4,6.54,7.82,6.36,True,90.0,False,93.02,True,90.0,2,1,1,4,3,3,4,1,2,324.82,1.565
15,11.48,8.93,13.68,True,90.0,False,70.34,True,90.0,8,1,1,2,4,3,6,4,2,1320.67,1.539
2,8.05,9.65,9.11,False,100.32,False,97.59,False,101.0,4,1,1,4,1,1,6,3,2,673.24,1.51
15,11.13,8.23,7.11,True,90.0,False,95.2,True,90.0,4,1,1,3,3,3,6,1,2,648.59,1.567
29,7.52,3.99,22.34,True,90.0,True,90.0,True,90.0,4,1,1,2,3,2,6,2,2,670.31,1.517
14,8.21,10.09,8.0,True,90.0,False,99.46,True,90.0,4,1,1,1,6,2,6,3,2,653.7,1.555
33,14.2,6.81,13.83,True,90.0,True,90.0,True,90.0,8,1,1,3,2,3,6,3,2,1337.39,1.52
2,7.54,8.11,11.37,False,82.75,False,73.98,False,79.83,4,1,1,3,3,2,6,2,2,655.56,1.551
14,5.24,8.37,7.4,True,90.0,False,98.6,True,90.0,2,1,1,4,1,1,6,5,2,320.91,1.584
14,7.26,12.9,7.19,True,90.0,False,91.45,True,90.0,4,1,1,4,1,1,6,4,2,673.16,1.51
4,5.61,8.67,6.86,True,90.0,False,75.56,True,90.0,2,1,1,2,3,2,6,5,2,323.12,1.573
9,8.66,5.91,12.96,True,90.0,False,96.56,True,90.0,4,1,1,3,3,3,5,3,2,658.96,1.543
2,7.51,5.37,9.71,False,104.33,False,114.37,False,100.97,2,1,1,2,2,1,6,2,2,326.08,1.559
2,7.49,5.07,9.09,False,95.49,False,95.37,False,105.6,2,1,1,4,2,1,6,4,2,328.37,1.548
2,5.77,7.56,8.02,False,79.57,False,77.66,False,80.38,2,1,1,2,3,2,6,5,2,333.1,1.526
14,10.04,11.81,5.71,True,90.0,False,101.39,True,90.0,4,1,1,3,1,1,6,4,2,663.71,1.532
19,4.64,10.56,13.82,True,90.0,True,90.0,True,90.0,4,1,1,4,1,1,6,5,2,677.16,1.501
19,8.42,6.91,23.36,True,90.0,True,90.0,True,90.0,8,1,1,3,3,3,6,3,2,1359.14,1.496
4,6.87,6.26,8.27,True,90.0,False,107.07,True,90.0,2,1,1,2,4,2,6,5,2,339.99,1.495
2,6.99,13.23,7.92,False,66.06,False,76.37,False,81.37,4,1,1,4,1,1,6,5,2,649.34,1.565
14,5.51,7.82,7.45,True,90.0,False,92.36,True,90.0,2,1,1,2,3,3,6,3,2,320.73,1.585
61,5.79,15.29,15.1,True,90.0,True,90.0,True,90.0,8,1,1,3,2,1,6,4,2,1336.79,1.521
19,4.99,15.9,8.46,True,90.0,True,90.0,True,90.0,4,1,1,2,3,3,6,1,2,671.22,1.514
2,8.18,4.51,10.32,False,107.56,False,103.87,False,107.14,2,1,1,1,3,2,6,5,2,323.51,1.571
2,7.13,14.54,6.89,False,101.87,False,99.53,False,100.29,4,1,1,1,5,3,5,3,2,672.42,1.512
14,6.91,8.02,11.87,True,90.0,False,96.68,True,90.0,4,1,1,4,1,1,6,2,2,653.35,1.556
5,5.72,4.92,12.33,True,90.0,False,105.58,True,90.0,2,1,1,1,4,2,6,4,2,334.25,1.521
14,14.48,7.17,13.2,True,90.0,False,108.08,True,90.0,8,1,1,3,3,2,6,2,2,1302.78,1.561
33,11.3,11.33,5.3,True,90.0,True,90.0,True,90.0,4,1,1,3,1,1,6,2,2,678.55,1.498
14,5.29,5.77,21.71,True,90.0,False,91.96,True,90.0,4,1,1,3,1,1,6,3,2,662.27,1.535
9,7.69,12.64,6.98,True,90.0,False,101.17,True,90.0,4,1,1,3,2,1,6,5,2,665.61,1.527
4,6.51,6.73,7.72,True,90.0,False,98.65,True,90.0,2,1,1,2,3,3,5,2,2,334.38,1.52
15,10.8,10.6,12.6,True,90.0,False,110.69,True,90.0,8,1,1,2,3,3,6,4,2,1349.42,1.507
14,12.83,4.81,10.92,True,90.0,False,98.75,True,90.0,4,1,1,2,2,1,6,4,2,666.06,1.526
2,6.95,8.55,6.25,False,65.78,False,78.92,False,78.89,2,1,1,2,2,1,6,1,2,329.69,1.542
29,8.8,11.25,12.99,True,90.0,True,90.0,True,90.0,8,1,1,4,2,1,6,5,2,1286.01,1.581
61,5.03,15.99,16.6,True,90.0,True,90.0,True,90.0,8,1,1,2,4,1,6,4,2,1335.13,1.523
9,8.88,9.31,8.08,True,90.0,False,98.21,True,90.0,4,1,1,2,4,3,6,5,2,661.15,1.538
14,8.57,7.81,9.67,True,90.0,False,93.01,True,90.0,4,1,1,2,3,3,6,2,2,646.34,1.573
15,7.19,8.73,21.61,True,90.0,False,92.97,True,90.0,8,1,1,4,2,1,6,3,2,1354.61,1.501
15,15.75,8.7,9.88,True,90.0,False,91.98,True,90.0,8,1,1,3,2,1,6,2,2,1353.0,1.503
2,7.3,10.67,9.47,False,102.11,False,106.44,False,102.64,4,1,1,4,2,1,6,2,2,660.59,1.539
14,15.97,7.91,5.32,True,90.0,False,105.31,True,90.0,4,1,1,2,2,1,6,4,2,648.19,1.568
2,9.75,9.08,17.61,False,89.15,False,118.23,False,99.34,8,1,1,1,3,2,6,3,2,1351.92,1.504
61,6.49,10.43,19.34,True,90.0,True,90.0,True,90.0,8,1,1,4,3,2,6,4,2,1309.14,1.553
2,8.05,7.42,6.32,False,106.66,False,71.23,False,79.84,2,1,1,1,5,3,6,4,2,327.06,1.554
14,9.35,11.62,12.42,True,90.0,False,107.64,True,90.0,8,1,1,3,2,3,5,2,2,1285.95,1.581
14,5.49,18.87,6.29,True,90.0,False,98.32,True,90.0,4,1,1,4,3,3,5,3,2,644.76,1.577
33,11.51,6.79,16.56,True,90.0,True,90.0,True,90.0,8,1,1,2,3,3,5,3,2,1294.21,1.571
33,12.18,13.08,8.48,True,90.0,True,90.0,True,90.0,8,1,1,3,2,2,5,2,2,1350.99,1.505
9,6.23,10.11,10.17,True,90.0,False,91.28,True,90.0,4,1,1,1,2,1,6,2,2,640.4,1.587
14,7.8,14.84,5.89,True,90.0,False,102.65,True,90.0,4,1,1,4,1,1,5,4,2,665.23,1.528
14,9.85,8.54,15.39,True,90.0,False,97.17,True,90.0,8,1,1,3,2,3,5,4,2,1284.47,1.583
14,8.02,9.96,8.99,True,90.0,False,112.59,True,90.0,4,1,1,1,3,2,6,5,2,663.02,1.533
61,10.01,6.0,21.99,True,90.0,True,90.0,True,90.0,8,1,1,4,1,1,6,3,2,1320.72,1.539
14,9.4,15.23,4.52,True,90.0,False,97.85,True,90.0,4,1,1,2,3,2,4,2,2,641.03,1.586
33,9.85,16.71,8.17,True,90.0,True,90.0,True,90.0,8,1,1,3,2,1,6,5,2,1344.73,1.512
14,9.37,7.95,17.46,True,90.0,False,93.16,True,90.0,8,1,1,4,1,1,6,1,2,1298.64,1.566
2,7.5,7.84,6.11,False,72.66,False,91.57,False,80.23,2,1,1,1,1,1,6,3,2,336.8,1.509
29,11.08,4.58,13.19,True,90.0,True,90.0,True,90.0,4,1,1,4,2,1,6,2,2,669.35,1.519
14,7.77,6.75,13.93,True,90.0,False,113.93,True,90.0,4,1,1,2,2,3,5,3,2,667.79,1.522
2,6.94,7.63,15.35,False,110.11,False,111.12,False,99.88,4,1,1,2,2,2,6,5,2,670.26,1.517
15,10.93,7.18,18.96,True,90.0,False,119.93,True,90.0,8,1,1,4,2,1,6,3,2,1289.49,1.577
15,22.72,5.79,10.22,True,90.0,False,104.81,True,90.0,8,1,1,3,2,1,6,1,2,1299.77,1.564
2,6.6,8.18,6.62,False,65.8,False,79.29,False,85.29,2,1,1,1,4,3,6,5,2,320.31,1.587
14,7.06,5.49,16.67,True,90.0,False,96.34,True,90.0,4,1,1,2,1,1,6,3,2,642.17,1.583
2,6.78,8.3,7.03,False,66.02,False,70.69,False,70.3,2,1,1,1,4,3,6,2,2,331.57,1.533
14,5.26,8.59,7.97,True,90.0,False,109.86,True,90.0,2,1,1,4,2,1,6,2,2,338.69,1.501
14,13.31,6.25,15.91,True,90.0,False,98.21,True,90.0,8,1,1,1,3,1,5,4,2,1309.95,1.552
61,26.97,5.28,9.43,True,90.0,True,90.0,True,90.0,8,1,1,2,3,1,6,2,2,1342.85,1.514
2,8.4,11.64,7.23,False,100.71,False,103.32,False,100.75,4,1,1,2,3,3,4,4,2,656.19,1.549
2,7.42,4.71,10.2,False,105.1,False,98.23,False,105.25,2,1,1,2,3,2,6,3,2,323.36,1.572
2,5.81,10.97,10.45,False,87.72,False,85.24,False,88.11,4,1,1,4,1,1,6,3,2,662.92,1.533
14,14.4,5.14,8.9,True,90.0,False,92.91,True,90.0,4,1,1,2,5,2,5,5,2,657.89,1.545
4,8.84,7.17,10.25,True,90.0,False,93.1,True,90.0,4,1,1,3,2,3,6,4,2,648.72,1.567
2,5.32,11.23,5.48,False,100.9,False,96.01,False,88.59,2,1,1,4,3,4,6,2,2,319.72,1.59
2,5.82,10.79,5.26,False,85.47,False,91.98,False,79.97,2,1,1,1,6,1,6,2,2,323.86,1.569
61,9.88,9.97,12.95,True,90.0,True,90.0,True,90.0,8,1,1,4,3,3,4,2,2,1275.62,1.594
14,10.15,4.63,15.14,True,90.0,False,111.07,True,90.0,4,1,1,4,2,1,6,4,2,663.93,1.531
2,11.28,6.71,10.52,False,105.17,False,112.06,False,105.9,4,1,1,2,3,3,6,2,2,647.64,1.57
14,6.68,8.56,12.26,True,90.0,False,104.85,True,90.0,4,1,1,2,2,1,6,4,2,677.62,1.5
14,6.94,7.63,25.82,True,90.0,False,97.96,True,90.0,8,1,1,4,1,1,6,2,2,1354.05,1.501
14,7.87,7.63,12.79,True,90.0,False,117.74,True,90.0,4,1,1,2,3,3,5,3,2,679.75,1.495
2,5.5,7.23,8.73,False,86.42,False,79.57,False,78.96,2,1,1,2,4,2,6,5,2,334.96,1.517
29,10.14,6.57,10.13,True,90.0,True,90.0,True,90.0,4,1,1,2,5,2,6,1,2,674.86,1.506
15,15.98,5.54,17.08,True,90.0,False,118.6,True,90.0,8,1,1,4,1,1,6,3,2,1327.58,1.531
61,10.27,9.73,6.67,True,90.0,True,90.0,True,90.0,4,1,1,4,1,1,6,4,2,666.51,1.525
2,4.46,8.27,10.73,False,70.56,False,67.03,False,75.27,2,1,1,4,2,3,6,3,2,340.07,1.495
4,6.05,5.09,10.57,True,90.0,False,97.27,True,90.0,2,1,1,1,3,2,6,5,2,322.88,1.574
1,10.3,7.01,9.71,False,85.75,False,73.53,False,80.24,4,1,1,2,1,1,6,4,2,662.34,1.535
14,9.73,6.01,22.44,True,90.0,False,94.35,True,90.0,8,1,1,3,3,2,5,2,2,1308.45,1.554
2,7.43,9.48,6.03,False,113.87,False,107.36,False,108.42,2,1,1,1,4,1,6,2,2,320.97,1.584
14,5.17,5.43,11.89,True,90.0,False,98.73,True,90.0,2,1,1,4,1,1,6,3,2,329.92,1.541
19,7.65,12.16,7.21,True,90.0,True,90.0,True,90.0,4,1,1,2,3,2,6,4,2,670.7,1.516
2,7.86,4.48,10.26,False,87.12,False,97.38,False,64.79,2,1,1,3,1,1,6,2,2,321.94,1.579
29,7.0,5.01,18.73,True,90.0,True,90.0,True,90.0,4,1,1,1,3,2,5,2,2,656.86,1.548
9,8.98,11.52,12.49,True,90.0,False,90.01,True,90.0,8,1,1,2,2,1,6,4,2,1292.09,1.573
2,9.07,16.16,4.82,False,95.83,False,110.35,False,94.23,4,1,1,3,2,1,6,4,2,654.43,1.553
1,8.11,9.99,8.72,False,105.83,False,97.75,False,99.36,4,1,1,3,2,2,6,4,2,658.58,1.544
2,5.04,7.68,9.2,False,101.11,False,96.84,False,101.3,2,1,1,1,4,1,6,4,2,338.08,1.503
33,10.14,5.6,11.91,True,90.0,True,90.0,True,90.0,4,1,1,3,2,3,5,4,2,676.3,1.503
4,5.47,5.49,11.42,True,90.0,False,106.96,True,90.0,2,1,1,2,3,2,6,4,2,328.03,1.549
2,6.03,12.74,9.51,False,100.07,False,102.51,False,103.36,4,1,1,2,2,1,6,3,2,674.2,1.508
9,5.13,12.07,10.81,True,90.0,False,97.82,True,90.0,4,1,1,4,2,1,6,5,2,663.12,1.533
33,15.36,6.11,14.07,True,90.0,True,90.0,True,90.0,8,1,1,3,2,3,6,4,2,1320.46,1.54
9,8.49,10.92,7.36,True,90.0,False,95.69,True,90.0,4,1,1,3,2,3,6,2,2,678.99,1.497
5,8.44,8.17,9.81,True,90.0,False,95.85,True,90.0,4,1,1,2,5,2,6,3,2,672.92,1.511
2,6.32,8.7,12.16,False,93.96,False,95.68,False,99.75,4,1,1,4,1,1,6,2,2,653.2,1.556
14,11.99,6.73,17.24,True,90.0,False,105.14,True,90.0,8,1,1,1,3,3,5,3,2,1342.86,1.514
14,6.1,4.75,22.96,True,90.0,False,97.11,True,90.0,4,1,1,1,4,2,5,3,2,660.15,1.54
14,5.57,16.13,8.16,True,90.0,False,113.47,True,90.0,4,1,1,4,2,1,6,4,2,672.48,1.512
2,7.71,9.37,9.99,False,76.41,False,71.37,False,86.63,4,1,1,2,3,2,6,3,2,664.64,1.529
2,5.51,9.0,6.92,False,86.03,False,80.97,False,98.44,2,1,1,1,3,2,6,3,2,333.74,1.523
2,7.29,6.0,9.65,False,112.46,False,112.18,False,100.84,2,1,1,4,1,1,6,1,2,332.87,1.527
9,8.42,15.4,5.22,True,90.0,False,107.99,True,90.0,4,1,1,2,2,3,4,3,2,643.78,1.579
14,13.3,8.23,12.02,True,90.0,False,97.59,True,90.0,8,1,1,2,3,1,6,2,2,1304.17,1.559
14,5.84,7.94,14.21,True,90.0,False,96.37,True,90.0,4,1,1,4,1,1,6,2,2,654.84,1.552
15,13.02,8.48,12.28,True,90.0,False,105.8,True,90.0,8,1,1,2,4,3,5,2,2,1304.6,1.558
1,8.36,8.85,4.82,False,80.86,False,84.39,False,69.11,2,1,1,2,5,3,5,2,2,328.61,1.547
2,6.06,9.92,6.4,False,87.34,False,82.1,False,63.04,2,1,1,3,3,3,6,2,2,339.62,1.497
14,10.52,6.34,10.07,True,90.0,False,99.57,True,90.0,4,1,1,1,3,2,6,5,2,662.29,1.535
5,11.54,5.58,10.4,True,90.0,False,94.27,True,90.0,4,1,1,3,3,2,6,4,2,667.83,1.522
33,11.73,10.96,10.11,True,90.0,True,90.0,True,90.0,8,1,1,2,3,3,4,2,2,1299.75,1.564
29,6.39,14.71,7.0,True,90.0,True,90.0,True,90.0,4,1,1,4,1,1,6,4,2,657.98,1.545
29,10.31,4.74,27.83,True,90.0,True,90.0,True,90.0,8,1,1,2,3,4,5,2,2,1360.04,1.495
33,5.24,16.41,15.32,True,90.0,True,90.0,True,90.0,8,1,1,3,3,2,6,5,2,1317.34,1.543
9,8.93,17.27,8.54,True,90.0,False,102.47,True,90.0,8,1,1,2,2,1,6,4,2,1285.98,1.581
14,15.4,7.77,12.98,True,90.0,False,119.24,True,90.0,8,1,1,4,1,2,6,4,2,1355.26,1.5
15,14.13,6.98,15.63,True,90.0,False,119.87,True,90.0,8,1,1,2,2,1,6,1,2,1336.76,1.521
29,11.91,6.6,16.96,True,90.0,True,90.0,True,90.0,8,1,1,2,3,3,6,3,2,1333.16,1.525
15,12.12,5.51,10.24,True,90.0,False,109.77,True,90.0,4,1,1,3,1,3,6,3,2,643.53,1.58
14,13.27,6.39,16.95,True,90.0,False,116.23,True,90.0,8,1,1,4,2,3,6,5,2,1289.28,1.577
14,7.67,4.56,18.47,True,90.0,False,96.12,True,90.0,4,1,1,3,1,1,6,3,2,642.31,1.583
2,7.76,8.27,5.63,False,94.62,False,105.29,False,106.9,2,1,1,3,1,1,6,4,2,328.59,1.547
14,5.94,8.91,12.92,True,90.0,False,98.98,True,90.0,4,1,1,2,3,1,6,3,2,675.41,1.505
2,9.69,7.39,9.62,False,87.51,False,82.49,False,78.12,4,1,1,1,4,3,6,5,2,668.24,1.521
2,6.35,9.05,11.32,False,88.75,False,87.05,False,99.29,4,1,1,2,3,2,6,3,2,640.85,1.586
14,8.68,5.61,28.71,True,90.0,False,104.37,True,90.0,8,1,1,2,3,1,6,2,2,1354.29,1.501
29,10.45,6.42,19.81,True,90.0,True,90.0,True,90.0,8,1,1,4,2,3,5,5,2,1329.03,1.53
14,6.84,7.08,6.92,True,90.0,False,94.62,True,90.0,2,1,1,1,2,1,6,3,2,334.03,1.522
9,7.72,9.06,10.19,True,90.0,False,112.28,True,90.0,4,1,1,1,5,2,6,5,2,659.51,1.541
2,5.59,9.78,14.05,False,72.13,False,70.7,False,74.71,4,1,1,3,2,1,6,2,2,678.62,1.498
9,8.27,8.03,19.61,True,90.0,False,95.85,True,90.0,8,1,1,2,3,2,6,4,2,1295.48,1.569
1,8.53,5.37,7.52,False,90.01,False,104.1,False,105.17,2,1,1,2,2,1,6,4,2,321.69,1.58
2,6.6,10.1,10.48,False,87.01,False,70.63,False,86.84,4,1,1,4,3,3,6,2,2,657.63,1.546
14,5.02,13.48,9.69,True,90.0,False,95.06,True,90.0,4,1,1,4,2,1,6,2,2,653.16,1.556
14,6.69,20.99,4.84,True,90.0,False,102.37,True,90.0,4,1,1,1,3,2,6,4,2,663.87,1.531
2,9.03,9.38,16.72,False,102.85,False,99.42,False,99.8,8,1,1,4,2,1,6,4,2,1330.32,1.528
1,7.62,9.31,9.97,False,86.66,False,66.72,False,86.17,4,1,1,4,3,3,6,3,2,647.87,1.569
14,6.89,5.59,9.4,True,90.0,False,117.41,True,90.0,2,1,1,2,2,1,6,4,2,321.4,1.581
14,8.27,6.99,24.59,True,90.0,False,114.69,True,90.0,8,1,1,4,2,1,6,2,2,1291.53,1.574
2,6.35,9.94,11.7,False,66.9,False,86.36,False,73.49,4,1,1,1,4,1,6,2,2,650.31,1.563
2,5.77,8.08,7.86,False,101.56,False,105.45,False,102.02,2,1,1,3,2,1,6,2,2,332.49,1.529
14,7.94,16.11,5.31,True,90.0,False,100.69,True,90.0,4,1,1,1,4,3,5,4,2,667.43,1.523
15,11.27,11.16,10.9,True,90.0,False,106.72,True,90.0,8,1,1,4,2,2,6,2,2,1312.97,1.548
2,8.01,5.74,8.06,False,101.31,False,105.63,False,71.98,2,1,1,2,2,2,5,2,2,336.79,1.509
2,6.3,5.47,10.26,False,101.05,False,98.29,False,100.77,2,1,1,4,1,1,6,5,2,334.91,1.518
14,8.34,8.02,10.7,True,90.0,False,69.8,True,90.0,4,1,1,4,1,3,6,2,2,671.67,1.513
33,7.32,7.55,24.25,True,90.0,True,90.0,True,90.0,8,1,1,2,3,1,6,5,2,1340.2,1.517
14,14.44,5.7,17.47,True,90.0,False,110.84,True,90.0,8,1,1,4,2,1,6,3,2,1343.85,1.513
5,8.56,5.59,13.71,True,90.0,False,102.23,True,90.0,4,1,1,2,3,2,6,3,2,641.14,1.586
14,6.62,8.16,12.75,True,90.0,False,110.05,True,90.0,4,1,1,2,2,2,6,5,2,647.0,1.571
19,5.87,14.05,15.54,True,90.0,True,90.0,True,90.0,8,1,1,3,1,1,6,4,2,1281.64,1.586
2,5.64,11.34,11.31,False,75.04,False,75.52,False,78.99,4,1,1,4,1,1,6,3,2,670.44,1.516
2,5.36,8.23,8.01,False,100.78,False,81.4,False,102.02,2,1,1,4,2,1,6,4,2,337.24,1.507
14,7.74,6.21,14.17,True,90.0,False,97.59,True,90.0,4,1,1,3,1,1,6,3,2,675.12,1.506
2,6.68,12.5,7.99,False,80.6,False,82.05,False,81.56,4,1,1,3,4,3,5,2,2,646.59,1.572
15,15.61,5.38,16.19,True,90.0,False,105.21,True,90.0,8,1,1,2,4,2,5,3,2,1312.04,1.55
2,8.03,5.81,8.17,False,85.8,False,78.08,False,65.46,2,1,1,3,3,1,6,5,2,339.23,1.498
14,4.74,5.33,13.12,True,90.0,False,97.13,True,90.0,2,1,1,4,2,1,6,3,2,328.9,1.545
4,11.32,5.78,11.69,True,90.0,False,119.87,True,90.0,4,1,1,2,4,1,6,4,2,663.26,1.533
33,8.56,21.8,7.06,True,90.0,True,90.0,True,90.0,8,1,1,2,3,3,4,3,2,1317.45,1.543
2,7.24,16.54,5.78,False,87.41,False,79.25,False,81.54,4,1,1,4,1,1,5,2,2,672.49,1.512
61,12.64,8.28,12.84,True,90.0,True,90.0,True,90.0,8,1,1,4,1,3,6,3,2,1343.82,1.513
4,8.77,4.9,7.84,True,90.0,False,93.57,True,90.0,2,1,1,2,2,1,6,5,2,336.25,1.512
2,6.83,9.31,11.29,False,107.08,False,96.61,False,80.67,4,1,1,1,4,3,5,2,2,675.42,1.505
2,7.39,6.45,6.97,False,87.84,False,102.32,False,80.21,2,1,1,2,4,2,6,2,2,318.91,1.594
14,13.23,4.92,11.43,True,90.0,False,120.0,True,90.0,4,1,1,2,2,2,6,2,2,644.32,1.578
2,8.6,7.69,10.14,False,102.08,False,82.23,False,98.67,4,1,1,4,2,2,6,5,2,644.52,1.577
19,8.35,5.48,14.18,True,90.0,True,90.0,True,90.0,4,1,1,2,3,2,6,3,2,648.85,1.567
14,10.82,6.02,10.63,True,90.0,False,105.03,True,90.0,4,1,1,4,1,2,6,3,2,668.71,1.52
14,17.54,8.4,10.23,True,90.0,False,117.65,True,90.0,8,1,1,2,3,3,6,2,2,1335.12,1.523
2,7.48,7.7,12.19,False,105.99,False,93.74,False,100.72,4,1,1,3,1,2,6,4,2,658.09,1.545
14,8.14,3.83,21.44,True,90.0,False,105.17,True,90.0,4,1,1,3,3,3,5,3,2,645.13,1.576
14,7.82,14.75,11.21,True,90.0,False,97.04,True,90.0,8,1,1,1,3,2,6,3,2,1283.27,1.584
29,5.44,15.97,7.67,True,90.0,True,90.0,True,90.0,4,1,1,2,3,1,6,2,2,666.35,1.526
2,7.73,7.58,11.84,False,87.52,False,80.71,False,73.3,4,1,1,3,2,2,6,3,2,655.77,1.55
2,6.34,10.56,10.35,False,95.7,False,78.8,False,79.98,4,1,1,2,2,2,5,4,2,662.99,1.533
14,13.19,5.93,16.6,True,90.0,False,90.59,True,90.0,8,1,1,2,3,3,5,2,2,1298.33,1.566
15,12.81,5.96,8.79,True,90.0,False,103.71,True,90.0,4,1,1,3,3,4,4,3,2,651.97,1.559
14,10.67,3.73,8.41,True,90.0,False,104.74,True,90.0,2,1,1,4,2,1,6,4,2,323.7,1.57
2,8.54,6.92,6.12,False,71.98,False,76.17,False,74.63,2,1,1,2,2,1,6,2,2,326.73,1.556
33,6.43,14.18,7.15,True,90.0,True,90.0,True,90.0,4,1,1,3,2,1,6,3,2,651.92,1.559
14,6.24,10.37,11.4,True,90.0,False,115.59,True,90.0,4,1,1,2,3,2,6,4,2,665.32,1.528
14,13.89,9.54,10.86,True,90.0,False,116.52,True,90.0,8,1,1,2,3,3,6,3,2,1287.64,1.579
14,8.7,11.23,15.79,True,90.0,False,119.42,True,90.0,8,1,1,1,3,2,5,4,2,1343.76,1.513
9,10.12,10.71,6.48,True,90.0,False,109.5,True,90.0,4,1,1,2,4,1,6,5,2,662.05,1.535
4,11.86,6.09,9.76,True,90.0,False,112.72,True,90.0,4,1,1,1,4,3,5,2,2,650.24,1.563
2,6.46,7.84,6.45,False,87.61,False,91.52,False,80.68,2,1,1,2,3,3,6,5,2,321.89,1.579
2,8.66,8.73,4.73,False,70.18,False,73.49,False,79.85,2,1,1,2,2,2,6,4,2,321.28,1.582
15,14.08,11.39,9.02,True,90.0,False,116.93,True,90.0,8,1,1,1,5,3,5,1,2,1289.69,1.576
15,10.73,11.0,11.15,True,90.0,False,91.07,True,90.0,8,1,1,3,3,3,5,2,2,1315.81,1.545
2,9.49,11.45,12.6,False,100.4,False,93.93,False,102.49,8,1,1,4,1,1,6,2,2,1306.48,1.556
14,8.13,4.17,19.51,True,90.0,False,95.32,True,90.0,4,1,1,3,3,3,6,3,2,658.58,1.544
2,6.39,11.35,5.18,False,107.74,False,107.06,False,98.83,2,1,1,2,2,2,6,3,2,329.68,1.542
14,5.56,15.17,15.63,True,90.0,False,90.06,True,90.0,8,1,1,4,1,2,6,5,2,1318.31,1.542
19,6.72,5.07,19.56,True,90.0,True,90.0,True,90.0,4,1,1,4,2,2,6,4,2,666.42,1.525
2,7.68,7.34,12.91,False,93.78,False,111.3,False,99.77,4,1,1,2,2,1,6,4,2,661.73,1.536
2,4.61,5.8,12.47,False,80.09,False,88.37,False,78.72,2,1,1,2,4,2,6,5,2,322.1,1.578
4,7.31,5.49,8.29,True,90.0,False,98.63,True,90.0,2,1,1,3,2,2,6,3,2,328.93,1.545
14,7.99,6.5,25.62,True,90.0,False,101.55,True,90.0,8,1,1,4,2,3,6,3,2,1303.63,1.56
2,9.86,7.87,4.86,False,81.07,False,83.43,False,64.36,2,1,1,3,2,1,6,4,2,335.4,1.515
19,5.51,7.4,16.5,True,90.0,True,90.0,True,90.0,4,1,1,2,3,1,5,4,2,672.77,1.511
61,9.7,5.47,24.42,True,90.0,True,90.0,True,90.0,8,1,1,4,1,1,6,3,2,1295.7,1.569
14,19.8,6.88,10.45,True,90.0,False,107.7,True,90.0,8,1,1,3,4,3,6,5,2,1356.15,1.499
14,12.19,5.01,11.8,True,90.0,False,110.19,True,90.0,4,1,1,4,1,1,6,2,2,676.37,1.503
2,10.75,7.9,9.01,False,99.96,False,113.06,False,97.81,4,1,1,3,1,3,6,2,2,675.69,1.504
1,5.5,4.9,12.75,False,105.43,False,90.86,False,94.95,2,1,1,2,3,1,6,2,2,329.73,1.541
2,5.42,8.09,8.29,False,84.83,False,76.7,False,64.96,2,1,1,3,1,1,6,2,2,320.49,1.586
2,4.79,8.96,16.5,False,101.4,False,95.6,False,100.33,4,1,1,4,2,1,6,3,2,676.4,1.503
2,5.15,11.92,11.79,False,86.42,False,74.57,False,69.29,4,1,1,3,2,2,6,3,2,652.19,1.559
19,4.75,12.38,11.08,True,90.0,True,90.0,True,90.0,4,1,1,2,3,2,6,4,2,651.56,1.56
2,9.04,9.25,8.06,False,89.69,False,98.39,False,100.51,4,1,1,3,1,1,6,2,2,655.42,1.551
14,6.67,15.53,6.41,True,90.0,False,101.71,True,90.0,4,1,1,2,2,1,6,3,2,650.16,1.564
2,9.51,7.48,10.84,False,85.53,False,70.92,False,63.45,4,1,1,3,3,3,6,1,2,649.77,1.564
14,11.25,7.38,16.21,True,90.0,False,92.53,True,90.0,8,1,1,3,2,1,6,3,2,1344.52,1.512
61,6.4,11.52,17.62,True,90.0,True,90.0,True,90.0,8,1,1,3,1,2,6,2,2,1299.09,1.565
2,10.29,6.55,20.71,False,88.42,False,111.18,False,100.03,8,1,1,4,2,2,6,2,2,1280.71,1.587
1,8.88,8.24,9.14,False,106.11,False,92.24,False,86.6,4,1,1,2,2,2,6,4,2,641.21,1.585
14,7.91,6.88,11.86,True,90.0,False,93.06,True,90.0,4,1,1,4,2,1,6,3,2,644.51,1.577
61,8.29,8.44,19.08,True,90.0,True,90.0,True,90.0,8,1,1,4,2,2,6,2,2,1334.98,1.523
5,22.69,7.78,7.48,True,90.0,False,93.87,True,90.0,8,1,1,2,5,1,5,2,2,1317.42,1.543
2,5.89,4.94,11.88,False,88.01,False,95.14,False,78.86,2,1,1,1,5,2,5,5,2,337.31,1.507
2,8.69,11.56,13.21,False,86.46,False,92.71,False,100.73,8,1,1,4,1,2,6,4,2,1300.47,1.563
9,9.93,8.99,16.11,True,90.0,False,114.62,True,90.0,8,1,1,1,5,3,4,2,2,1307.41,1.555
2,8.08,5.24,8.93,False,87.58,False,72.56,False,65.38,2,1,1,2,4,3,6,2,2,326.43,1.557
14,9.33,10.77,6.43,True,90.0,False,97.2,True,90.0,4,1,1,2,2,2,6,2,2,641.02,1.586
4,6.18,6.08,8.77,True,90.0,False,96.41,True,90.0,2,1,1,2,3,2,6,3,2,327.47,1.552
2,6.95,8.12,13.06,False,76.02,False,73.6,False,66.09,4,1,1,4,3,2,6,5,2,639.54,1.589
14,8.57,7.65,11.73,True,90.0,False,119.71,True,90.0,4,1,1,4,2,1,6,4,2,667.93,1.522
14,8.23,12.99,12.31,True,90.0,False,97.56,True,90.0,8,1,1,4,1,2,5,2,2,1304.59,1.558
2,5.57,7.16,8.53,False,93.3,False,74.66,False,86.14,2,1,1,4,3,3,6,2,2,326.32,1.558
2,3.75,6.56,14.51,False,85.85,False,73.3,False,80.36,2,1,1,4,2,1,6,5,2,336.95,1.508
2,11.32,8.22,7.81,False,86.36,False,80.88,False,63.65,4,1,1,2,1,1,6,3,2,642.96,1.581
2,6.41,8.05,6.83,False,86.52,False,88.02,False,72.0,2,1,1,3,1,2,6,3,2,334.52,1.519
2,7.11,9.02,12.04,False,74.6,False,78.36,False,106.74,4,1,1,4,2,1,6,2,2,679.73,1.495
15,12.13,12.94,8.96,True,90.0,False,107.11,True,90.0,8,1,1,3,1,1,6,4,2,1344.14,1.513
2,5.55,11.12,6.0,False,66.31,False,82.14,False,81.6,2,1,1,3,1,1,6,2,2,334.21,1.521
19,10.45,7.24,17.85,True,90.0,True,90.0,True,90.0,8,1,1,3,3,3,6,4,2,1350.5,1.505
2,9.24,10.73,6.8,False,94.63,False,107.97,False,92.41,4,1,1,3,2,2,6,2,2,637.61,1.594
61,10.93,5.37,23.07,True,90.0,True,90.0,True,90.0,8,1,1,3,2,1,6,4,2,1354.07,1.501
2,7.29,9.52,10.78,False,67.48,False,74.77,False,78.76,4,1,1,1,2,2,6,4,2,663.08,1.533
15,11.09,8.04,16.51,True,90.0,False,118.76,True,90.0,8,1,1,2,3,2,6,2,2,1290.5,1.575
14,10.58,7.12,9.5,True,90.0,False,116.96,True,90.0,4,1,1,1,5,2,6,4,2,637.86,1.594
61,5.36,8.11,29.68,True,90.0,True,90.0,True,90.0,8,1,1,4,2,2,6,3,2,1290.18,1.576
9,5.01,13.77,9.69,True,90.0,False,91.21,True,90.0,4,1,1,2,2,1,6,2,2,668.34,1.521
15,14.45,8.53,11.98,True,90.0,False,114.09,True,90.0,8,1,1,4,2,1,6,3,2,1348.03,1.508
2,7.72,9.74,4.83,False,105.43,False,105.33,False,87.73,2,1,1,4,1,1,4,5,2,337.45,1.506
33,9.0,10.62,6.69,True,90.0,True,90.0,True,90.0,4,1,1,4,1,3,6,3,2,639.43,1.59
2,4.95,7.54,9.28,False,106.32,False,96.23,False,81.66,2,1,1,2,4,3,6,5,2,328.05,1.549
1,8.67,11.5,7.77,False,93.02,False,113.02,False,65.9,4,1,1,3,3,2,6,5,2,645.57,1.575
61,6.62,8.33,23.28,True,90.0,True,90.0,True,90.0,8,1,1,2,1,2,6,4,2,1283.77,1.584
2,8.03,11.14,7.95,False,87.17,False,96.66,False,107.41,4,1,1,2,3,3,5,4,2,673.92,1.508
14,11.8,6.07,9.62,True,90.0,False,101.59,True,90.0,4,1,1,4,2,3,6,1,2,674.99,1.506
14,9.39,17.5,8.98,True,90.0,False,115.27,True,90.0,8,1,1,2,2,2,6,4,2,1334.43,1.524
5,11.95,6.76,8.87,True,90.0,False,114.64,True,90.0,4,1,1,3,3,1,5,4,2,651.29,1.561
4,7.49,7.7,11.12,True,90.0,False,91.88,True,90.0,4,1,1,3,4,3,6,4,2,640.98,1.586
4,8.1,4.42,10.28,True,90.0,False,118.78,True,90.0,2,1,1,1,5,3,6,5,2,322.58,1.576
4,4.78,5.21,14.42,True,90.0,False,112.04,True,90.0,2,1,1,4,1,1,6,5,2,332.87,1.527
2,5.53,6.94,9.22,False,72.49,False,79.83,False,79.7,2,1,1,3,2,1,6,2,2,329.16,1.544
14,11.53,4.96,11.97,True,90.0,False,104.8,True,90.0,4,1,1,3,1,3,6,3,2,661.84,1.536
4,5.85,4.28,13.56,True,90.0,False,99.09,True,90.0,2,1,1,2,3,2,6,5,2,335.25,1.516
2,7.41,12.6,14.84,False,72.95,False,83.16,False,85.7,8,1,1,4,2,2,6,2,2,1314.06,1.547
29,6.88,5.52,17.41,True,90.0,True,90.0,True,90.0,4,1,1,4,1,2,6,3,2,661.19,1.537
2,9.63,8.7,8.61,False,106.9,False,80.57,False,77.69,4,1,1,1,3,2,6,4,2,654.36,1.553
1,5.22,10.24,7.13,False,70.21,False,110.83,False,81.63,2,1,1,3,2,3,6,3,2,319.48,1.591
14,9.21,6.44,12.06,True,90.0,False,115.61,True,90.0,4,1,1,2,3,3,6,1,2,645.03,1.576
14,7.42,8.2,21.11,True,90.0,False,93.56,True,90.0,8,1,1,2,3,2,6,4,2,1281.94,1.586
33,9.05,5.88,24.65,True,90.0,True,90.0,True,90.0,8,1,1,4,1,2,6,3,2,1311.73,1.55
14,11.62,8.24,14.31,True,90.0,False,97.27,True,90.0,8,1,1,3,2,3,6,3,2,1359.15,1.496
14,8.37,23.08,6.67,True,90.0,False,98.25,True,90.0,8,1,1,2,1,1,6,4,2,1275.17,1.594
4,9.41,3.71,9.62,True,90.0,False,105.81,True,90.0,2,1,1,2,2,1,6,3,2,323.14,1.573
9,5.12,6.82,18.43,True,90.0,False,90.06,True,90.0,4,1,1,4,1,1,6,2,2,643.55,1.58
61,9.49,18.3,7.69,True,90.0,True,90.0,True,90.0,8,1,1,4,1,2,6,4,2,1335.5,1.522
33,5.12,6.66,19.69,True,90.0,True,90.0,True,90.0,4,1,1,4,2,1,6,1,2,671.41,1.514
33,18.51,11.98,5.84,True,90.0,True,90.0,True,90.0,8,1,1,2,3,3,6,5,2,1295.02,1.57
33,10.02,14.88,4.5,True,90.0,True,90.0,True,90.0,4,1,1,2,3,2,6,2,2,670.94,1.515
14,6.98,13.05,7.12,True,90.0,False,96.77,True,90.0,4,1,1,4,2,2,6,4,2,644.03,1.578
9,8.72,11.75,6.83,True,90.0,False,104.16,True,90.0,4,1,1,1,1,1,6,3,2,678.54,1.498
14,9.98,15.26,9.26,True,90.0,False,107.96,True,90.0,8,1,1,2,2,1,6,4,2,1341.53,1.515
2,8.94,10.34,8.58,False,94.15,False,73.73,False,62.19,4,1,1,4,1,1,6,2,2,653.89,1.555
2,4.69,9.58,8.05,False,69.45,False,89.74,False,80.93,2,1,1,4,3,3,6,2,2,333.93,1.522
14,6.46,5.41,11.04,True,90.0,False,118.7,True,90.0,2,1,1,1,5,3,6,3,2,338.43,1.502
4,10.31,6.5,10.54,True,90.0,False,110.41,True,90.0,4,1,1,2,1,3,6,2,2,661.99,1.536
2,7.37,8.13,11.66,False,88.53,False,77.07,False,78.42,4,1,1,2,2,1,6,3,2,666.93,1.524
15,13.35,6.23,16.82,True,90.0,False,109.67,True,90.0,8,1,1,3,2,2,6,2,2,1317.3,1.543
19,11.81,9.15,12.31,True,90.0,True,90.0,True,90.0,8,1,1,2,4,3,4,2,2,1330.24,1.528
14,11.62,5.04,11.59,True,90.0,False,97.53,True,90.0,4,1,1,2,3,1,6,3,2,672.91,1.511
61,15.55,4.62,17.98,True,90.0,True,90.0,True,90.0,8,1,1,4,2,3,4,3,2,1291.7,1.574
14,10.81,8.18,7.48,True,90.0,False,104.63,True,90.0,4,1,1,2,2,1,6,4,2,639.98,1.588
2,8.27,7.08,6.01,False,92.62,False,104.83,False,105.79,2,1,1,2,4,1,6,5,2,324.81,1.565
14,10.98,11.84,10.4,True,90.0,False,105.86,True,90.0,8,1,1,4,1,1,6,2,2,1300.56,1.563
14,7.3,5.32,17.25,True,90.0,False,101.85,True,90.0,4,1,1,2,3,3,6,3,2,655.64,1.55
14,7.33,7.52,23.42,True,90.0,False,92.82,True,90.0,8,1,1,4,2,1,6,3,2,1289.38,1.577
2,4.9,5.7,12.9,False,71.76,False,90.98,False,98.82,2,1,1,2,3,2,6,4,2,337.96,1.504
61,9.24,5.06,28.22,True,90.0,True,90.0,True,90.0,8,1,1,4,2,3,6,3,2,1319.41,1.541
14,7.97,7.67,22.14,True,90.0,False,102.78,True,90.0,8,1,1,2,2,2,6,4,2,1319.89,1.54
2,6.43,4.71,12.24,False,100.36,False,104.93,False,105.65,2,1,1,2,3,1,6,2,2,332.28,1.53
2,7.48,6.75,7.56,False,65.79,False,97.78,False,74.16,2,1,1,2,2,1,6,2,2,321.34,1.582
2,5.36,10.12,6.61,False,93.99,False,97.66,False,106.16,2,1,1,1,4,2,6,4,2,339.16,1.499
14,15.99,5.92,14.38,True,90.0,False,104.86,True,90.0,8,1,1,1,4,2,6,4,2,1315.7,1.545
2,9.68,11.83,11.6,False,81.3,False,85.14,False,79.95,8,1,1,3,1,1,6,1,2,1290.61,1.575
29,10.69,11.86,10.66,True,90.0,True,90.0,True,90.0,8,1,1,3,1,1,6,4,2,1351.51,1.504
15,10.97,5.08,23.83,True,90.0,False,96.57,True,90.0,8,1,1,4,2,1,6,3,2,1319.27,1.541
15,14.05,9.91,10.89,True,90.0,False,118.02,True,90.0,8,1,1,2,2,3,6,3,2,1338.54,1.519
2,5.23,8.15,8.89,False,86.47,False,84.57,False,63.7,2,1,1,2,2,1,6,2,2,338.1,1.503
9,6.93,11.95,15.95,True,90.0,False,93.8,True,90.0,8,1,1,3,3,2,6,3,2,1317.97,1.543
61,4.73,6.45,21.77,True,90.0,True,90.0,True,90.0,4,1,1,2,2,1,6,2,2,664.17,1.531
29,7.94,15.3,11.07,True,90.0,True,90.0,True,90.0,8,1,1,2,3,3,6,3,2,1344.81,1.512
61,9.7,5.17,25.79,True,90.0,True,90.0,True,90.0,8,1,1,4,3,3,6,3,2,1293.34,1.572
9,7.31,11.29,7.78,True,90.0,False,90.12,True,90.0,4,1,1,4,1,1,6,4,2,642.08,1.583
19,4.43,6.69,22.63,True,90.0,True,90.0,True,90.0,4,1,1,2,3,2,6,3,2,670.68,1.516
1,10.69,9.52,7.24,False,92.77,False,115.02,False,78.91,4,1,1,3,1,1,4,1,2,654.74,1.553
2,9.52,4.92,15.14,False,87.34,False,107.35,False,90.21,4,1,1,1,3,2,5,3,2,676.1,1.504
14,14.44,3.42,14.85,True,90.0,False,113.96,True,90.0,4,1,1,4,1,1,6,3,2,670.17,1.517
2,9.81,12.43,6.59,False,69.39,False,76.35,False,64.48,4,1,1,4,1,1,6,1,2,675.37,1.505
2,8.1,11.15,7.78,False,94.05,False,107.67,False,92.68,4,1,1,1,5,3,5,5,2,666.11,1.526
4,4.65,6.31,11.64,True,90.0,False,97.84,True,90.0,2,1,1,4,2,2,6,2,2,338.34,1.502
14,12.17,5.52,20.06,True,90.0,False,107.15,True,90.0,8,1,1,2,3,1,6,2,2,1287.68,1.579
2,7.5,5.6,7.89,False,88.15,False,79.61,False,98.74,2,1,1,1,6,1,6,3,2,321.55,1.581
4,9.16,8.49,8.78,True,90.0,False,96.49,True,90.0,4,1,1,2,4,3,5,4,2,678.43,1.498
2,6.68,5.37,9.47,False,87.34,False,85.42,False,99.21,2,1,1,2,1,1,6,1,2,333.65,1.523
2,6.56,15.46,7.55,False,72.36,False,108.14,False,81.04,4,1,1,4,1,2,6,2,2,666.47,1.525
1,7.4,10.85,8.27,False,102.05,False,88.51,False,80.6,4,1,1,2,3,2,6,2,2,639.4,1.59
29,16.03,9.66,8.31,True,90.0,True,90.0,True,90.0,8,1,1,2,3,4,5,2,2,1286.8,1.58
9,10.14,7.79,8.39,True,90.0,False,96.34,True,90.0,4,1,1,3,1,1,6,2,2,658.68,1.543
2,5.64,7.69,16.17,False,107.19,False,96.09,False,102.04,4,1,1,4,2,2,6,4,2,644.61,1.577
15,9.31,10.62,6.58,True,90.0,False,96.9,True,90.0,4,1,1,3,1,1,6,4,2,645.87,1.574
29,8.29,8.05,19.64,True,90.0,True,90.0,True,90.0,8,1,1,1,4,4,4,2,2,1310.67,1.551
15,17.54,11.81,6.51,True,90.0,False,103.94,True,90.0,8,1,1,1,5,3,6,4,2,1308.81,1.553
2,6.46,5.79,9.92,False,69.59,False,92.18,False,78.8,2,1,1,2,3,1,6,3,2,338.86,1.5
14,9.65,6.19,22.29,True,90.0,False,105.31,True,90.0,8,1,1,4,2,1,6,2,2,1284.21,1.583
9,8.62,19.3,8.08,True,90.0,False,85.69,True,90.0,8,1,1,2,2,2,6,2,2,1340.44,1.517
2,6.28,6.79,7.72,False,86.43,False,80.01,False,79.94,2,1,1,2,3,2,6,2,2,319.04,1.593
14,12.99,5.28,9.49,True,90.0,False,87.48,True,90.0,4,1,1,1,3,1,6,4,2,650.26,1.563
14,13.47,4.25,12.55,True,90.0,False,111.55,True,90.0,4,1,1,4,2,1,6,2,2,668.23,1.521
15,8.5,10.8,8.01,True,90.0,False,112.88,True,90.0,4,1,1,1,3,2,6,4,2,677.46,1.501
19,8.13,12.63,12.91,True,90.0,True,90.0,True,90.0,8,1,1,3,3,2,4,2,2,1325.62,1.534
1,4.78,10.08,7.69,False,99.67,False,111.76,False,82.06,2,1,1,2,4,4,5,2,2,338.06,1.503
14,8.08,7.32,5.63,True,90.0,False,97.72,True,90.0,2,1,1,2,3,2,6,5,2,329.97,1.54
19,10.67,5.81,21.42,True,90.0,True,90.0,True,90.0,8,1,1,1,5,1,6,3,2,1327.88,1.531
14,6.12,13.08,8.55,True,90.0,False,108.68,True,90.0,4,1,1,4,3,3,6,5,2,648.37,1.568
2,7.45,10.57,10.34,False,72.02,False,74.79,False,112.65,4,1,1,3,1,3,4,3,2,643.82,1.579
1,6.31,4.7,11.96,False,105.2,False,97.18,False,99.7,2,1,1,2,2,1,6,2,2,332.02,1.531
14,6.85,18.9,5.43,True,90.0,False,106.45,True,90.0,4,1,1,4,2,1,6,2,2,674.22,1.508
1,6.17,10.97,10.98,False,80.84,False,96.88,False,64.95,4,1,1,4,3,2,6,5,2,649.97,1.564
15,12.5,4.83,23.06,True,90.0,False,102.32,True,90.0,8,1,1,2,3,2,5,2,2,1360.19,1.495
2,6.02,8.06,13.89,False,88.06,False,86.69,False,75.17,4,1,1,3,3,2,6,3,2,650.3,1.563
14,7.73,9.06,19.7,True,90.0,False,108.37,True,90.0,8,1,1,3,2,1,6,2,2,1309.36,1.553
2,6.35,8.14,13.2,False,73.32,False,88.56,False,99.16,4,1,1,2,2,2,5,4,2,643.44,1.58
2,10.87,7.68,8.84,False,100.04,False,108.03,False,104.02,4,1,1,3,3,3,4,4,2,655.5,1.551
14,6.21,16.63,13.24,True,90.0,False,101.58,True,90.0,8,1,1,2,3,2,5,3,2,1339.49,1.518
2,10.08,9.71,8.35,False,105.82,False,119.45,False,90.21,4,1,1,2,3,2,6,4,2,675.4,1.505
14,11.52,14.46,4.14,True,90.0,False,103.47,True,90.0,4,1,1,3,3,3,4,4,2,670.67,1.516
19,6.23,9.03,11.63,True,90.0,True,90.0,True,90.0,4,1,1,3,3,3,6,4,2,654.27,1.554
14,8.74,10.9,13.6,True,90.0,False,96.78,True,90.0,8,1,1,2,3,3,6,2,2,1286.56,1.58
9,8.01,16.53,5.14,True,90.0,False,93.06,True,90.0,4,1,1,4,2,1,6,4,2,679.59,1.496
14,9.4,6.45,5.71,True,90.0,False,109.46,True,90.0,2,1,1,1,4,2,5,2,2,326.42,1.557
4,10.32,6.45,10.2,True,90.0,False,97.71,True,90.0,4,1,1,3,3,3,6,5,2,672.81,1.511
14,6.05,10.38,5.19,True,90.0,False,98.57,True,90.0,2,1,1,2,2,1,6,2,2,322.29,1.577
2,7.2,4.43,11.32,False,79.85,False,88.58,False,64.27,2,1,1,3,3,2,6,2,2,319.63,1.59
15,10.24,7.96,15.93,True,90.0,False,97.69,True,90.0,8,1,1,3,2,1,6,3,2,1286.78,1.58
14,10.96,18.16,6.78,True,90.0,False,106.21,True,90.0,8,1,1,1,3,2,5,4,2,1295.8,1.569
4,5.65,4.75,12.51,True,90.0,False,92.59,True,90.0,2,1,1,4,3,2,6,3,2,335.39,1.515
14,10.69,4.29,29.16,True,90.0,False,93.54,True,90.0,8,1,1,4,2,1,6,2,2,1334.73,1.523
2,7.73,8.31,11.79,False,113.04,False,101.67,False,92.36,4,1,1,2,4,2,6,2,2,676.41,1.503
9,6.11,9.27,11.64,True,90.0,False,89.98,True,90.0,4,1,1,4,2,3,5,4,2,659.29,1.542
2,11.99,8.65,7.29,False,93.28,False,107.86,False,65.74,4,1,1,4,1,1,6,2,2,654.02,1.554
2,6.91,5.19,10.2,False,75.26,False,100.03,False,80.55,2,1,1,2,2,2,6,4,2,339.9,1.495
14,11.9,10.93,11.26,True,90.0,False,114.98,True,90.0,8,1,1,2,4,3,6,3,2,1327.55,1.531
14,14.51,7.12,12.53,True,90.0,False,91.58,True,90.0,8,1,1,2,3,3,5,2,2,1294.0,1.571
4,9.1,5.09,7.49,True,90.0,False,111.43,True,90.0,2,1,1,2,4,2,3,2,2,322.94,1.574
14,6.48,5.16,10.42,True,90.0,False,105.82,True,90.0,2,1,1,4,1,1,5,2,2,335.21,1.516
15,13.82,9.2,10.73,True,90.0,False,108.86,True,90.0,8,1,1,3,3,3,5,2,2,1291.01,1.575
9,12.34,10.35,10.5,True,90.0,False,89.92,True,90.0,8,1,1,1,3,1,6,5,2,1341.05,1.516
2,7.01,10.55,10.21,False,67.6,False,84.44,False,69.93,4,1,1,3,2,3,6,2,2,655.22,1.551
15,16.7,5.67,13.87,True,90.0,False,93.22,True,90.0,8,1,1,2,3,3,6,3,2,1311.26,1.55
33,8.91,19.88,7.36,True,90.0,True,90.0,True,90.0,8,1,1,4,2,1,6,4,2,1303.68,1.559
4,7.03,6.22,8.38,True,90.0,False,114.28,True,90.0,2,1,1,1,5,5,6,4,2,334.02,1.522
14,3.97,6.45,26.1,True,90.0,False,98.0,True,90.0,4,1,1,3,2,2,6,3,2,661.83,1.536
19,4.7,19.81,13.94,True,90.0,True,90.0,True,90.0,8,1,1,4,2,1,6,5,2,1297.91,1.566
61,11.42,7.0,16.42,True,90.0,True,90.0,True,90.0,8,1,1,2,3,3,4,2,2,1312.61,1.549
2,10.3,7.63,17.18,False,88.79,False,75.24,False,79.08,8,1,1,2,3,3,6,4,2,1281.44,1.587
14,8.87,8.14,9.44,True,90.0,False,74.99,True,90.0,4,1,1,3,3,3,6,3,2,658.33,1.544
2,5.79,10.07,12.05,False,87.41,False,76.34,False,78.54,4,1,1,3,2,3,6,2,2,669.09,1.519
14,8.6,7.21,23.12,True,90.0,False,113.5,True,90.0,8,1,1,3,1,1,6,3,2,1314.68,1.546
14,7.41,19.06,4.81,True,90.0,False,97.57,True,90.0,4,1,1,3,2,2,5,5,2,673.42,1.51
2,7.76,8.99,9.98,False,76.25,False,76.22,False,81.17,4,1,1,4,2,1,6,3,2,653.34,1.556
15,14.27,7.95,11.84,True,90.0,False,91.75,True,90.0,8,1,1,2,1,1,6,3,2,1342.58,1.514
19,11.56,11.33,10.3,True,90.0,True,90.0,True,90.0,8,1,1,2,3,3,4,2,2,1349.04,1.507
9,6.28,10.39,5.22,True,90.0,False,104.88,True,90.0,2,1,1,2,3,2,5,2,2,329.18,1.544
2,6.66,8.08,12.22,False,100.5,False,96.75,False,87.12,4,1,1,2,2,2,6,2,2,641.82,1.584
14,6.53,8.51,24.19,True,90.0,False,103.57,True,90.0,8,1,1,2,3,2,6,5,2,1306.72,1.556
2,9.4,7.74,10.06,False,84.9,False,78.34,False,63.36,4,1,1,3,2,3,6,3,2,640.72,1.587
2,6.11,9.51,6.31,False,66.51,False,84.56,False,79.2,2,1,1,2,4,3,6,4,2,330.23,1.539
33,5.95,9.75,22.18,True,90.0,True,90.0,True,90.0,8,1,1,3,3,2,5,3,2,1286.72,1.58
33,6.08,18.4,5.94,True,90.0,True,90.0,True,90.0,4,1,1,3,3,3,5,4,2,664.52,1.53
2,9.18,8.73,9.21,False,94.03,False,103.07,False,64.51,4,1,1,1,3,2,6,5,2,648.69,1.567
2,7.06,6.55,15.65,False,109.34,False,95.38,False,101.58,4,1,1,4,2,1,6,2,2,658.84,1.543
2,8.55,10.69,7.66,False,87.65,False,72.33,False,78.93,4,1,1,2,4,3,6,2,2,654.56,1.553
15,17.18,7.04,11.59,True,90.0,False,107.4,True,90.0,8,1,1,2,3,2,6,2,2,1337.63,1.52
14,9.15,16.24,9.68,True,90.0,False,114.27,True,90.0,8,1,1,4,2,2,6,5,2,1311.28,1.55
14,10.08,10.93,6.45,True,90.0,False,107.64,True,90.0,4,1,1,2,2,3,6,3,2,677.21,1.501
2,7.3,7.22,12.79,False,88.49,False,87.66,False,74.3,4,1,1,1,4,1,6,3,2,648.34,1.568
61,12.46,5.4,19.36,True,90.0,True,90.0,True,90.0,8,1,1,4,2,1,5,2,2,1302.62,1.561
14,5.2,6.65,9.76,True,90.0,False,98.88,True,90.0,2,1,1,3,1,2,6,3,2,333.46,1.524
2,5.68,4.99,12.01,False,86.48,False,89.75,False,77.76,2,1,1,1,4,1,6,2,2,332.02,1.531
2,7.29,11.73,8.22,False,73.46,False,86.34,False,79.89,4,1,1,4,1,1,6,3,2,663.29,1.533
2,5.49,11.72,10.63,False,76.44,False,88.78,False,86.58,4,1,1,3,2,1,6,4,2,663.7,1.532
14,8.17,6.19,7.31,True,90.0,False,115.04,True,90.0,2,1,1,2,3,2,6,2,2,334.94,1.517
2,7.78,8.8,11.22,False,102.61,False,108.84,False,106.77,4,1,1,4,1,2,6,5,2,653.68,1.555
2,5.66,7.41,8.25,False,71.3,False,86.12,False,79.74,2,1,1,3,1,1,6,4,2,322.48,1.576
2,4.32,10.63,15.11,False,91.35,False,95.36,False,102.34,4,1,1,1,3,1,6,4,2,674.2,1.508
2,7.61,8.53,6.11,False,87.7,False,71.68,False,62.66,2,1,1,3,2,3,6,1,2,331.9,1.531
1,6.42,8.06,7.68,False,112.32,False,105.72,False,106.08,2,1,1,1,5,3,6,4,2,320.06,1.588
2,6.1,8.29,12.78,False,87.25,False,90.95,False,95.06,4,1,1,3,1,2,5,4,2,642.96,1.581
14,15.89,6.15,7.63,True,90.0,False,115.59,True,90.0,4,1,1,2,3,3,5,4,2,672.49,1.512
2,6.48,7.16,8.48,False,114.8,False,98.1,False,101.79,2,1,1,2,3,2,6,4,2,338.07,1.503
14,6.64,5.62,8.97,True,90.0,False,104.29,True,90.0,2,1,1,2,2,1,6,4,2,324.37,1.567
2,6.14,5.89,18.79,False,87.18,False,83.64,False,100.02,4,1,1,1,3,1,6,2,2,663.42,1.532
9,6.67,15.04,6.96,True,90.0,False,113.03,True,90.0,4,1,1,3,2,1,6,4,2,642.56,1.582
14,8.34,20.25,7.59,True,90.0,False,95.42,True,90.0,8,1,1,3,2,1,6,3,2,1276.11,1.593
14,12.42,4.94,21.25,True,90.0,False,97.72,True,90.0,8,1,1,3,1,1,6,3,2,1291.97,1.574
1,7.97,7.41,11.43,False,79.8,False,90.58,False,85.57,4,1,1,4,1,1,6,1,2,662.18,1.535
4,7.32,8.12,11.71,True,90.0,False,113.36,True,90.0,4,1,1,2,2,1,5,4,2,638.97,1.591
2,8.04,11.51,7.81,False,107.9,False,99.89,False,80.22,4,1,1,2,3,2,6,2,2,672.23,1.512
29,13.16,5.79,8.92,True,90.0,True,90.0,True,90.0,4,1,1,4,2,1,6,3,2,679.67,1.496
33,10.4,9.69,13.02,True,90.0,True,90.0,True,90.0,8,1,1,2,4,1,5,2,2,1312.1,1.549
2,6.44,9.12,22.04,False,86.11,False,92.48,False,86.98,8,1,1,4,1,1,6,3,2,1288.27,1.578
14,13.21,18.19,5.97,True,90.0,False,109.98,True,90.0,8,1,1,4,1,3,4,3,2,1348.19,1.508
29,6.52,18.38,11.1,True,90.0,True,90.0,True,90.0,8,1,1,2,3,1,6,4,2,1330.2,1.528
1,10.01,14.51,5.08,False,81.5,False,81.82,False,69.18,4,1,1,1,4,3,6,5,2,678.87,1.497
9,6.83,7.65,12.6,True,90.0,False,90.48,True,90.0,4,1,1,4,1,2,6,4,2,658.32,1.544
2,7.72,13.14,7.46,False,102.0,False,107.34,False,105.67,4,1,1,2,3,2,6,4,2,660.38,1.539
15,11.83,5.73,10.01,True,90.0,False,97.67,True,90.0,4,1,1,3,2,3,6,2,2,672.47,1.512
2,8.54,9.91,8.89,False,86.72,False,91.91,False,64.42,4,1,1,4,1,1,6,5,2,676.11,1.504
2,7.74,9.24,9.94,False,87.37,False,69.75,False,78.08,4,1,1,2,3,3,6,3,2,652.31,1.558
4,7.7,5.12,8.49,True,90.0,False,82.06,True,90.0,2,1,1,3,2,1,6,2,2,331.5,1.533
15,12.31,5.14,21.79,True,90.0,False,111.11,True,90.0,8,1,1,4,1,1,6,3,2,1286.2,1.581
2,9.56,8.22,5.19,False,65.96,False,79.02,False,63.0,2,1,1,2,1,1,6,1,2,331.87,1.532
9,7.06,17.7,5.26,True,90.0,False,103.54,True,90.0,4,1,1,4,1,1,6,4,2,639.03,1.591
14,5.84,7.03,8.03,True,90.0,False,80.06,True,90.0,2,1,1,2,2,1,6,2,2,324.72,1.565
2,6.14,8.65,6.53,False,80.21,False,78.69,False,79.25,2,1,1,3,1,1,6,2,2,330.89,1.536
2,6.87,10.87,9.13,False,87.44,False,92.09,False,95.28,4,1,1,2,3,1,6,3,2,677.87,1.5
61,12.69,10.62,4.97,True,90.0,True,90.0,True,90.0,4,1,1,2,3,3,6,4,2,669.8,1.518
15,12.88,9.64,11.68,True,90.0,False,116.39,True,90.0,8,1,1,3,3,1,6,4,2,1299.1,1.565
2,7.62,9.62,4.64,False,88.0,False,82.61,False,79.93,2,1,1,2,3,1,6,5,2,332.08,1.531
33,25.99,4.74,10.78,True,90.0,True,90.0,True,90.0,8,1,1,4,1,1,6,2,2,1328.02,1.531
4,10.87,5.12,6.59,True,90.0,False,113.21,True,90.0,2,1,1,4,3,2,4,5,2,337.08,1.508
2,4.64,7.42,9.93,False,85.18,False,80.83,False,78.76,2,1,1,3,4,1,6,5,2,330.54,1.538
2,8.83,7.34,11.87,False,85.32,False,98.55,False,62.72,4,1,1,3,2,1,6,3,2,666.27,1.526
2,6.69,8.3,6.3,False,101.49,False,78.63,False,102.11,2,1,1,2,2,1,6,4,2,330.75,1.537
14,6.4,12.62,8.09,True,90.0,False,79.35,True,90.0,4,1,1,2,2,1,6,3,2,642.16,1.583
29,13.83,7.28,12.98,True,90.0,True,90.0,True,90.0,8,1,1,3,3,3,6,3,2,1306.86,1.556
4,15.45,5.56,8.51,True,90.0,False,115.45,True,90.0,4,1,1,2,4,3,5,5,2,660.09,1.54
14,7.79,6.88,25.68,True,90.0,False,106.78,True,90.0,8,1,1,1,2,1,6,4,2,1317.72,1.543
14,11.19,8.19,16.51,True,90.0,False,115.99,True,90.0,8,1,1,4,2,3,6,3,2,1360.06,1.495
14,7.9,17.53,5.1,True,90.0,False,109.17,True,90.0,4,1,1,2,2,1,6,3,2,667.12,1.524
2,11.66,6.47,8.82,False,93.18,False,95.15,False,100.43,4,1,1,2,3,3,6,5,2,650.0,1.564
15,15.78,7.11,11.73,True,90.0,False,96.25,True,90.0,8,1,1,2,2,1,6,3,2,1308.23,1.554
15,8.48,9.66,16.85,True,90.0,False,100.46,True,90.0,8,1,1,2,2,1,6,4,2,1357.36,1.498
14,15.17,5.58,16.16,True,90.0,False,96.99,True,90.0,8,1,1,3,2,3,6,2,2,1357.75,1.497
2,6.28,7.11,7.68,False,75.98,False,95.36,False,99.04,2,1,1,2,2,1,6,4,2,328.02,1.549
2,7.87,7.59,6.19,False,91.73,False,96.34,False,64.45,2,1,1,2,3,2,6,1,2,331.49,1.533
33,10.35,8.32,15.45,True,90.0,True,90.0,True,90.0,8,1,1,4,1,3,6,3,2,1330.43,1.528
2,6.53,6.85,7.78,False,88.52,False,96.97,False,104.18,2,1,1,2,4,2,6,4,2,334.9,1.518
14,5.25,10.01,12.75,True,90.0,False,101.3,True,90.0,4,1,1,2,1,1,6,4,2,657.06,1.547
4,8.04,5.39,7.91,True,90.0,False,106.57,True,90.0,2,1,1,4,1,1,6,3,2,328.55,1.547
19,5.4,5.12,23.47,True,90.0,True,90.0,True,90.0,4,1,1,2,4,1,6,5,2,648.9,1.567
15,11.15,6.98,17.52,True,90.0,False,97.77,True,90.0,8,1,1,4,2,1,6,3,2,1351.01,1.505
2,4.7,8.08,8.84,False,85.18,False,86.1,False,101.87,2,1,1,3,3,3,4,2,2,326.11,1.559
14,8.93,4.76,15.62,True,90.0,False,94.08,True,90.0,4,1,1,1,3,1,6,4,2,662.27,1.535
2,6.05,7.41,14.94,False,81.22,False,98.35,False,101.48,4,1,1,4,1,1,6,5,2,644.1,1.578
1,5.29,6.1,10.78,False,73.41,False,81.27,False,95.06,2,1,1,4,2,1,6,4,2,326.32,1.558
14,6.4,7.65,27.58,True,90.0,False,91.49,True,90.0,8,1,1,4,2,1,6,5,2,1349.86,1.506
14,14.37,11.65,8.96,True,90.0,False,115.2,True,90.0,8,1,1,4,1,1,6,3,2,1357.24,1.498
33,4.52,7.02,21.02,True,90.0,True,90.0,True,90.0,4,1,1,4,1,1,6,4,2,666.97,1.524
14,4.83,8.79,15.81,True,90.0,False,95.83,True,90.0,4,1,1,4,1,1,6,4,2,667.75,1.522
2,8.81,12.87,6.14,False,88.71,False,79.19,False,80.75,4,1,1,3,2,2,6,3,2,674.91,1.506
2,8.59,9.99,8.54,False,93.22,False,108.54,False,101.21,4,1,1,3,1,1,6,3,2,676.06,1.504
14,8.07,16.08,10.41,True,90.0,False,108.16,True,90.0,8,1,1,3,3,2,6,4,2,1283.57,1.584
14,12.0,9.75,11.91,True,90.0,False,110.8,True,90.0,8,1,1,4,2,1,6,4,2,1302.65,1.561
19,3.89,12.41,13.37,True,90.0,True,90.0,True,90.0,4,1,1,3,2,2,5,2,2,645.44,1.575
9,10.19,8.18,7.74,False,90.0,False,84.44,True,90.0,4,1,1,1,5,1,6,5,2,642.13,1.583
14,11.38,4.73,13.31,True,90.0,False,111.41,True,90.0,4,1,1,2,2,1,6,3,2,667.0,1.524
61,9.37,15.68,9.24,True,90.0,True,90.0,True,90.0,8,1,1,4,1,1,5,2,2,1357.56,1.498
14,10.88,4.17,7.95,True,90.0,False,113.54,True,90.0,2,1,1,3,1,1,6,4,2,330.67,1.537
15,10.95,6.16,9.66,True,90.0,False,92.15,True,90.0,4,1,1,3,2,3,5,2,2,651.13,1.561
2,7.9,7.26,6.51,False,86.72,False,82.28,False,64.18,2,1,1,1,4,1,6,1,2,333.05,1.526
14,4.16,5.61,14.15,True,90.0,False,95.06,True,90.0,2,1,1,2,2,1,6,2,2,328.94,1.545
14,13.33,4.54,11.07,True,90.0,False,103.79,True,90.0,4,1,1,3,5,2,5,2,2,650.63,1.562
61,13.67,13.37,7.23,True,90.0,True,90.0,True,90.0,8,1,1,4,1,2,6,2,2,1321.41,1.539
2,6.15,11.08,5.23,False,73.85,False,97.24,False,89.06,2,1,1,2,1,1,6,4,2,339.09,1.499
9,8.66,20.64,8.06,True,90.0,False,116.12,True,90.0,8,1,1,2,2,1,6,3,2,1293.53,1.572
2,7.4,4.79,11.7,False,112.41,False,118.43,False,89.98,2,1,1,1,3,1,6,4,2,328.68,1.546
2,5.56,5.85,11.39,False,88.32,False,97.11,False,65.95,2,1,1,4,1,1,6,5,2,334.41,1.52
2,5.72,5.78,10.54,False,81.78,False,106.61,False,80.32,2,1,1,4,2,2,6,4,2,322.37,1.577
9,6.4,16.49,6.08,True,90.0,False,95.91,True,90.0,4,1,1,3,2,2,6,4,2,638.25,1.593
2,8.43,12.18,8.03,False,65.05,False,72.67,False,64.12,4,1,1,3,4,2,6,2,2,666.01,1.526
2,6.1,6.18,9.66,False,87.56,False,77.5,False,64.78,2,1,1,1,3,2,6,1,2,321.13,1.583
14,6.89,7.63,6.49,True,90.0,False,109.96,True,90.0,2,1,1,4,1,1,6,3,2,320.69,1.585
2,5.79,7.79,15.15,False,89.71,False,87.33,False,81.18,4,1,1,1,2,1,6,5,2,674.51,1.507
2,5.73,6.96,9.26,False,66.27,False,76.82,False,72.22,2,1,1,4,3,1,6,2,2,319.58,1.59
14,10.29,4.73,13.84,True,90.0,False,98.15,True,90.0,4,1,1,4,2,1,6,3,2,666.81,1.524
1,10.11,11.65,6.18,False,84.54,False,81.83,False,66.12,4,1,1,2,4,3,6,4,2,658.25,1.544
14,12.2,5.73,21.91,True,90.0,False,118.65,True,90.0,8,1,1,3,3,2,6,2,2,1344.11,1.513
14,5.37,4.32,28.85,True,90.0,False,96.0,True,90.0,4,1,1,4,3,2,6,1,2,665.61,1.527
15,12.28,6.57,16.91,True,90.0,False,96.86,True,90.0,8,1,1,4,2,1,6,2,2,1354.53,1.501
2,7.53,9.69,10.14,False,95.25,False,106.81,False,108.18,4,1,1,2,1,1,6,4,2,659.33,1.542
14,5.79,7.8,14.87,True,90.0,False,82.17,True,90.0,4,1,1,2,3,2,6,2,2,665.3,1.528
2,7.31,8.16,5.67,False,87.07,False,96.14,False,105.65,2,1,1,3,2,1,6,2,2,323.72,1.57
19,8.44,9.08,17.2,True,90.0,True,90.0,True,90.0,8,1,1,4,2,3,6,3,2,1318.13,1.542
14,9.64,10.93,12.98,True,90.0,False,101.99,True,90.0,8,1,1,3,3,3,5,4,2,1337.8,1.52
14,7.42,12.24,7.9,True,90.0,False,113.15,True,90.0,4,1,1,2,3,2,6,2,2,659.71,1.541
14,9.51,13.01,10.73,True,90.0,False,97.35,True,90.0,8,1,1,4,1,1,6,2,2,1316.66,1.544
29,6.03,8.69,6.38,True,90.0,True,90.0,True,90.0,2,1,1,4,1,1,6,4,2,334.32,1.52
14,16.17,4.82,9.37,True,90.0,False,117.12,True,90.0,4,1,1,1,5,2,6,2,2,650.0,1.564
4,11.99,6.15,9.28,True,90.0,False,97.15,True,90.0,4,1,1,2,3,3,6,3,2,678.97,1.497
5,12.83,7.48,7.02,True,90.0,False,90.05,True,90.0,4,1,1,4,1,3,4,3,2,673.7,1.509
2,7.42,8.05,11.11,False,86.49,False,95.58,False,99.42,4,1,1,3,2,3,5,2,2,650.87,1.562
14,7.19,13.65,13.55,True,90.0,False,105.56,True,90.0,8,1,1,4,1,1,6,3,2,1281.11,1.587
1,6.12,10.9,10.15,False,87.5,False,93.03,False,86.53,4,1,1,2,3,2,6,5,2,674.16,1.508
33,14.75,4.78,18.23,True,90.0,True,90.0,True,90.0,8,1,1,3,2,1,6,3,2,1285.31,1.582
2,4.92,7.94,17.11,False,88.68,False,101.49,False,101.69,4,1,1,3,2,1,6,3,2,641.31,1.585
2,7.12,6.62,15.87,False,87.29,False,89.7,False,63.82,4,1,1,1,2,2,6,3,2,670.43,1.516
14,5.78,7.9,8.12,True,90.0,False,115.65,True,90.0,2,1,1,3,1,1,6,5,2,334.24,1.521
15,10.63,11.42,5.76,True,90.0,False,110.65,True,90.0,4,1,1,3,3,2,5,2,2,654.31,1.554
2,6.19,10.93,5.13,False,87.56,False,76.54,False,80.49,2,1,1,2,1,1,6,4,2,332.9,1.527
33,11.5,7.47,15.16,True,90.0,True,90.0,True,90.0,8,1,1,3,2,2,6,4,2,1302.32,1.561
61,9.25,10.22,14.11,True,90.0,True,90.0,True,90.0,8,1,1,3,3,1,6,2,2,1333.89,1.524
15,9.84,13.33,10.98,True,90.0,False,116.43,True,90.0,8,1,1,2,3,2,6,3,2,1289.68,1.576
2,5.36,8.2,16.13,False,87.18,False,94.81,False,106.34,4,1,1,3,1,1,6,4,2,677.67,1.5
2,8.38,6.47,6.53,False,99.03,False,109.51,False,99.08,2,1,1,1,3,3,5,3,2,321.07,1.583
14,7.12,5.29,18.54,True,90.0,False,103.37,True,90.0,4,1,1,2,4,2,5,2,2,679.38,1.496
9,8.47,10.9,7.26,True,90.0,False,82.98,True,90.0,4,1,1,2,3,3,6,4,2,665.24,1.528
15,12.8,12.63,8.89,True,90.0,False,112.65,True,90.0,8,1,1,1,5,1,5,2,2,1326.35,1.533
14,8.38,6.39,24.38,True,90.0,False,98.55,True,90.0,8,1,1,2,1,2,6,3,2,1291.0,1.575
14,9.93,9.53,15.83,True,90.0,False,115.85,True,90.0,8,1,1,2,3,2,5,4,2,1348.14,1.508
15,12.43,5.18,11.53,True,90.0,False,120.0,True,90.0,4,1,1,4,2,1,6,2,2,642.93,1.581
33,7.12,10.7,17.73,True,90.0,True,90.0,True,90.0,8,1,1,1,3,2,6,4,2,1350.74,1.505
2,6.29,5.22,9.98,False,87.52,False,92.37,False,98.51,2,1,1,2,3,2,6,4,2,323.57,1.571
14,6.59,23.21,4.45,True,90.0,False,99.76,True,90.0,4,1,1,3,2,1,6,3,2,670.79,1.515
61,6.02,15.23,13.93,True,90.0,True,90.0,True,90.0,8,1,1,3,2,2,6,5,2,1277.17,1.592
2,6.12,9.32,6.07,False,100.37,False,85.71,False,81.02,2,1,1,2,4,2,6,3,2,334.5,1.519
14,9.59,5.12,27.53,True,90.0,False,96.77,True,90.0,8,1,1,4,1,1,6,3,2,1342.32,1.515
61,6.89,15.4,12.75,True,90.0,True,90.0,True,90.0,8,1,1,3,3,3,5,4,2,1352.85,1.503
9,10.18,6.74,19.44,True,90.0,False,98.72,True,90.0,8,1,1,2,3,2,6,2,2,1318.42,1.542
2,5.98,5.46,10.75,False,81.2,False,78.76,False,78.46,2,1,1,1,4,2,6,2,2,334.92,1.518
29,8.99,22.82,6.58,True,90.0,True,90.0,True,90.0,8,1,1,2,3,2,6,4,2,1349.9,1.506
2,7.89,4.59,10.18,False,77.19,False,98.93,False,112.41,2,1,1,2,3,2,6,4,2,331.32,1.534
4,8.3,5.53,14.62,True,90.0,False,96.72,True,90.0,4,1,1,4,1,3,6,2,2,666.43,1.525
14,6.46,21.47,5.16,True,90.0,False,111.37,True,90.0,4,1,1,2,3,3,5,3,2,666.47,1.525
15,15.49,8.82,11.38,True,90.0,False,120.0,True,90.0,8,1,1,3,3,2,6,3,2,1346.46,1.51
2,6.28,12.81,8.86,False,94.72,False,110.11,False,94.28,4,1,1,3,1,1,6,3,2,662.99,1.533
1,8.78,8.18,9.89,False,81.04,False,88.09,False,65.58,4,1,1,4,1,1,6,2,2,638.49,1.592
14,13.04,6.4,18.05,True,90.0,False,118.02,True,90.0,8,1,1,2,4,3,6,3,2,1329.81,1.529
2,7.15,8.15,12.56,False,87.33,False,82.44,False,65.1,4,1,1,1,5,1,6,2,2,658.07,1.545
2,6.71,10.82,8.96,False,94.81,False,92.18,False,86.03,4,1,1,3,2,1,6,5,2,646.33,1.573
2,10.47,11.22,5.76,False,85.86,False,75.31,False,78.84,4,1,1,1,5,1,6,2,2,641.96,1.583
2,6.53,15.35,7.37,False,107.1,False,101.27,False,103.43,4,1,1,2,4,2,6,3,2,658.56,1.544
2,9.41,10.1,8.17,False,88.69,False,68.51,False,65.14,4,1,1,2,3,1,6,5,2,647.6,1.57
14,7.4,4.34,10.52,True,90.0,False,93.44,True,90.0,2,1,1,3,2,1,5,4,2,337.25,1.507
9,5.44,16.29,7.55,True,90.0,False,98.71,True,90.0,4,1,1,1,2,1,6,5,2,661.35,1.537
9,8.25,9.61,8.17,False,90.0,False,92.68,True,90.0,4,1,1,2,4,1,6,5,2,647.03,1.571
14,9.36,5.96,24.05,True,90.0,False,104.37,True,90.0,8,1,1,4,1,1,6,4,2,1299.67,1.564
9,7.67,7.52,12.49,True,90.0,False,112.46,True,90.0,4,1,1,2,4,2,6,4,2,665.76,1.527
2,6.38,5.27,11.01,False,100.26,False,73.43,False,75.12,2,1,1,2,2,3,6,5,2,330.05,1.54
2,6.62,8.78,5.84,False,94.33,False,104.97,False,80.41,2,1,1,2,2,1,6,4,2,323.15,1.573
2,4.8,5.63,12.83,False,89.57,False,96.23,False,100.56,2,1,1,2,3,2,5,5,2,338.81,1.5
1,8.47,14.78,5.69,False,71.45,False,82.35,False,73.74,4,1,1,4,1,2,5,2,2,647.53,1.57
14,6.57,10.52,10.38,True,90.0,False,115.65,True,90.0,4,1,1,2,3,3,6,3,2,646.73,1.572
61,5.43,10.58,11.43,True,90.0,True,90.0,True,90.0,4,1,1,2,3,2,6,4,2,656.65,1.548
19,9.37,9.96,14.52,True,90.0,True,90.0,True,90.0,8,1,1,2,2,1,6,5,2,1355.08,1.5
4,8.57,11.58,6.49,True,90.0,False,96.72,True,90.0,4,1,1,2,3,3,6,4,2,639.65,1.589
14,12.88,4.01,26.49,True,90.0,False,101.75,True,90.0,8,1,1,4,2,1,6,5,2,1339.51,1.518
14,6.22,18.94,6.18,True,90.0,False,114.95,True,90.0,4,1,1,3,3,1,6,3,2,660.1,1.54
2,6.14,5.19,11.51,False,82.23,False,79.18,False,69.81,2,1,1,2,2,1,6,2,2,337.14,1.508
2,8.55,9.91,8.85,False,83.85,False,85.38,False,63.85,4,1,1,1,5,3,6,4,2,668.77,1.52
2,6.03,8.76,6.46,False,95.27,False,100.57,False,102.08,2,1,1,4,1,1,6,2,2,324.99,1.564
2,6.16,6.94,7.94,False,88.59,False,96.43,False,93.99,2,1,1,4,2,1,6,4,2,336.44,1.511
2,5.44,9.81,13.39,False,87.61,False,79.55,False,74.85,4,1,1,3,2,1,6,4,2,678.29,1.499
2,4.01,6.34,13.02,False,87.93,False,96.12,False,91.61,2,1,1,1,5,4,6,2,2,328.81,1.546
14,16.61,4.45,19.17,True,90.0,False,113.57,True,90.0,8,1,1,3,2,1,6,3,2,1298.73,1.565
14,8.72,8.75,8.57,True,90.0,False,82.08,True,90.0,4,1,1,2,3,2,6,3,2,647.65,1.57
14,9.82,8.12,17.48,True,90.0,False,105.83,True,90.0,8,1,1,3,2,2,4,2,2,1340.97,1.516
15,13.66,4.34,6.18,True,90.0,False,112.83,True,90.0,2,1,1,2,2,1,6,3,2,337.68,1.505
2,7.64,7.06,6.88,False,87.23,False,76.23,False,64.2,2,1,1,4,2,1,6,3,2,323.85,1.569
1,7.5,8.31,10.89,False,86.37,False,82.55,False,72.03,4,1,1,1,2,1,5,4,2,639.96,1.588
61,12.11,4.85,22.15,True,90.0,True,90.0,True,90.0,8,1,1,1,4,2,6,3,2,1300.95,1.563
4,6.96,5.66,17.36,True,90.0,False,106.96,True,90.0,4,1,1,2,3,2,6,5,2,654.13,1.554
14,5.75,13.58,8.84,True,90.0,False,100.92,True,90.0,4,1,1,3,1,1,6,5,2,677.77,1.5
2,7.7,4.82,9.35,False,81.5,False,98.11,False,79.98,2,1,1,4,2,2,6,5,2,332.98,1.526
2,8.91,7.29,10.86,False,87.13,False,75.97,False,97.02,4,1,1,4,2,3,6,4,2,676.9,1.502
14,7.42,6.11,14.39,True,90.0,False,91.31,True,90.0,4,1,1,1,3,3,5,4,2,652.22,1.559
2,7.67,8.25,12.82,False,102.35,False,112.53,False,107.17,4,1,1,1,4,2,5,5,2,664.95,1.529
14,6.32,12.24,8.72,True,90.0,False,101.72,True,90.0,4,1,1,2,3,2,6,5,2,660.49,1.539
14,5.31,7.59,16.12,True,90.0,False,97.58,True,90.0,4,1,1,3,3,1,6,3,2,644.01,1.578
2,5.64,7.47,8.0,False,88.54,False,85.35,False,80.52,2,1,1,2,2,1,6,3,2,331.32,1.534
2,7.6,8.32,10.77,False,94.2,False,97.03,False,100.39,4,1,1,4,1,1,6,5,2,661.63,1.536
2,6.12,8.04,13.06,False,88.56,False,84.99,False,91.76,4,1,1,3,2,1,6,3,2,639.61,1.589
14,7.23,5.22,19.97,True,90.0,False,118.32,True,90.0,4,1,1,2,3,1,5,3,2,663.47,1.532
2,7.14,4.45,11.98,False,111.05,False,112.58,False,89.99,2,1,1,3,3,2,6,4,2,323.79,1.57
14,9.81,5.64,25.63,True,90.0,False,115.55,True,90.0,8,1,1,3,3,2,6,5,2,1279.39,1.589
2,9.56,3.56,10.85,False,80.07,False,81.51,False,68.31,2,1,1,2,4,2,6,5,2,336.56,1.51
9,7.71,10.6,8.08,True,90.0,False,102.81,True,90.0,4,1,1,1,6,2,6,4,2,643.91,1.579
2,8.98,8.2,9.65,False,82.38,False,77.56,False,69.69,4,1,1,3,1,1,6,3,2,649.46,1.565
15,10.24,7.89,8.36,True,90.0,False,97.13,True,90.0,4,1,1,4,2,2,6,4,2,670.21,1.517
2,4.74,7.7,9.91,False,86.51,False,78.27,False,66.74,2,1,1,1,2,2,6,5,2,325.28,1.563
2,4.76,5.13,15.76,False,86.85,False,76.35,False,65.17,2,1,1,2,4,2,6,4,2,338.97,1.499
2,7.1,10.27,8.95,False,93.4,False,94.33,False,100.34,4,1,1,4,2,3,6,2,2,638.41,1.592
4,6.99,7.83,6.18,True,90.0,False,103.09,True,90.0,2,1,1,3,2,3,6,3,2,329.45,1.543
2,4.84,10.44,13.88,False,86.61,False,88.2,False,75.46,4,1,1,2,4,1,6,4,2,677.6,1.5
2,10.12,11.55,6.11,False,68.21,False,91.21,False,84.69,4,1,1,3,1,1,6,1,2,659.11,1.542
2,6.95,11.5,8.68,False,74.11,False,81.75,False,74.5,4,1,1,1,3,1,6,4,2,641.12,1.586
14,8.51,9.33,16.77,True,90.0,False,102.93,True,90.0,8,1,1,4,2,1,6,2,2,1297.75,1.567
1,8.95,5.5,6.99,False,86.58,False,96.5,False,104.65,2,1,1,2,3,3,4,2,2,330.58,1.537
61,7.39,6.48,27.69,True,90.0,True,90.0,True,90.0,8,1,1,2,3,1,6,2,2,1326.0,1.533
14,9.47,5.7,27.54,True,90.0,False,117.46,True,90.0,8,1,1,3,2,1,6,3,2,1319.09,1.541
2,7.38,7.59,7.29,False,66.56,False,82.96,False,63.13,2,1,1,2,2,2,6,2,2,333.38,1.525
14,11.66,8.37,13.65,True,90.0,False,73.23,True,90.0,8,1,1,2,1,1,6,3,2,1275.5,1.594
29,11.35,5.22,22.41,True,90.0,True,90.0,True,90.0,8,1,1,4,2,3,6,4,2,1327.73,1.531
2,8.07,8.33,11.83,False,68.99,False,73.69,False,62.27,4,1,1,2,4,3,6,3,2,650.83,1.562
4,9.63,7.36,9.15,True,90.0,False,100.26,False,90.0,4,1,1,2,2,2,6,4,2,638.15,1.593
2,11.01,10.53,6.35,False,100.85,False,105.72,False,99.36,4,1,1,2,3,3,6,3,2,677.98,1.499
33,8.38,8.35,18.55,True,90.0,True,90.0,True,90.0,8,1,1,4,2,3,6,1,2,1298.0,1.566
9,10.01,10.48,12.43,True,90.0,False,98.12,True,90.0,8,1,1,1,3,2,6,4,2,1290.89,1.575
2,7.73,8.18,10.95,False,94.31,False,75.16,False,80.98,4,1,1,2,1,1,6,4,2,656.17,1.549
19,3.31,9.4,21.28,True,90.0,True,90.0,True,90.0,4,1,1,3,3,1,6,2,2,662.11,1.535
14,8.59,13.69,11.48,True,90.0,False,106.87,True,90.0,8,1,1,4,2,1,6,4,2,1291.92,1.574
14,12.78,9.54,5.62,True,90.0,False,110.85,True,90.0,4,1,1,3,1,1,5,2,2,640.33,1.588
2,9.97,5.74,6.33,False,93.28,False,92.6,False,63.4,2,1,1,1,5,3,6,1,2,323.3,1.572
33,9.17,5.17,28.15,True,90.0,True,90.0,True,90.0,8,1,1,3,3,3,6,2,2,1334.56,1.523
2,13.18,6.39,16.46,False,87.74,False,96.62,False,99.66,8,1,1,2,2,1,6,1,2,1357.21,1.498
2,8.69,14.57,5.54,False,99.58,False,101.49,False,100.08,4,1,1,4,1,1,6,2,2,661.88,1.536
19,3.67,7.38,23.65,True,90.0,True,90.0,True,90.0,4,1,1,4,2,2,5,5,2,640.55,1.587
2,5.61,8.09,16.19,False,88.49,False,74.08,False,71.34,4,1,1,4,2,2,6,2,2,667.93,1.522
2,7.91,9.86,9.19,False,88.62,False,109.43,False,107.66,4,1,1,4,2,1,6,3,2,641.72,1.584
2,7.44,8.72,10.86,False,105.36,False,79.82,False,81.5,4,1,1,4,1,2,6,2,2,654.49,1.553
2,7.0,11.74,8.77,False,71.97,False,74.86,False,80.73,4,1,1,2,3,1,6,5,2,659.01,1.543
2,6.5,9.38,12.31,False,76.35,False,78.33,False,68.36,4,1,1,2,3,2,6,4,2,672.4,1.512
14,11.23,13.32,9.84,True,90.0,False,119.37,True,90.0,8,1,1,3,2,1,6,4,2,1282.72,1.585
29,4.52,7.3,19.89,True,90.0,True,90.0,True,90.0,4,1,1,4,2,2,6,3,2,656.29,1.549
1,9.61,8.58,8.74,False,100.26,False,96.49,False,111.68,4,1,1,2,3,3,5,4,2,646.24,1.573
2,8.57,8.48,10.53,False,107.79,False,76.13,False,79.49,4,1,1,1,3,2,6,5,2,679.82,1.495
2,6.0,11.39,5.64,False,64.74,False,78.94,False,73.88,2,1,1,1,6,3,6,5,2,333.68,1.523
15,10.74,5.66,22.49,True,90.0,False,98.1,True,90.0,8,1,1,4,1,2,6,2,2,1353.49,1.502
14,12.23,7.83,14.89,True,90.0,False,113.29,True,90.0,8,1,1,3,3,3,6,2,2,1309.69,1.552
4,5.82,3.99,14.72,True,90.0,False,103.79,True,90.0,2,1,1,3,3,3,6,4,2,331.97,1.531
14,12.97,7.75,13.3,True,90.0,False,105.27,True,90.0,8,1,1,2,2,2,6,4,2,1289.68,1.576
2,5.76,9.4,13.45,False,71.04,False,75.24,False,80.11,4,1,1,4,1,2,6,2,2,662.84,1.534
5,10.09,8.04,9.1,True,90.0,False,113.77,True,90.0,4,1,1,1,4,2,6,4,2,675.6,1.505
2,6.71,10.71,10.16,False,73.96,False,77.57,False,74.53,4,1,1,4,2,1,6,2,2,668.35,1.521
15,12.08,9.19,12.25,True,90.0,False,97.82,True,90.0,8,1,1,2,2,1,6,4,2,1347.29,1.509
15,12.1,11.55,9.26,True,90.0,False,94.94,True,90.0,8,1,1,3,3,3,5,2,2,1289.32,1.577
2,7.1,5.15,10.4,False,80.77,False,76.77,False,64.41,2,1,1,2,2,1,6,3,2,333.05,1.526
14,8.57,12.71,12.73,True,90.0,False,104.15,True,90.0,8,1,1,3,2,2,6,2,2,1344.54,1.512
29,7.71,7.68,22.61,True,90.0,True,90.0,True,90.0,8,1,1,3,2,1,6,2,2,1338.8,1.519
15,16.79,8.04,10.36,True,90.0,False,113.6,True,90.0,8,1,1,1,4,2,6,5,2,1281.55,1.586
2,8.52,10.37,8.18,False,71.85,False,90.04,False,81.77,4,1,1,4,1,1,6,2,2,678.9,1.497
15,17.66,5.73,6.66,True,90.0,False,95.69,True,90.0,4,1,1,4,2,1,6,2,2,670.62,1.516
2,12.57,8.07,7.67,False,69.37,False,81.83,False,68.98,4,1,1,3,3,2,6,5,2,679.59,1.496
14,11.56,6.72,17.47,True,90.0,False,91.32,True,90.0,8,1,1,2,2,3,6,3,2,1356.77,1.498
2,5.35,5.88,12.4,False,101.15,False,112.0,False,100.83,2,1,1,2,3,1,6,4,2,340.01,1.495
15,9.35,7.49,9.53,True,90.0,False,81.27,True,90.0,4,1,1,4,2,3,4,1,2,659.67,1.541
14,8.99,6.29,11.63,True,90.0,False,87.33,True,90.0,4,1,1,2,3,1,6,1,2,656.93,1.547
14,8.52,4.83,16.29,True,90.0,False,105.51,True,90.0,4,1,1,2,3,2,6,5,2,645.95,1.574
14,14.33,6.94,14.29,True,90.0,False,115.12,True,90.0,8,1,1,4,1,1,6,4,2,1286.73,1.58
14,12.29,4.82,24.71,True,90.0,False,113.61,True,90.0,8,1,1,2,2,1,6,2,2,1341.24,1.516
14,6.03,9.06,11.72,True,90.0,False,95.14,True,90.0,4,1,1,1,4,2,6,3,2,637.71,1.594
15,13.5,5.85,19.06,True,90.0,False,117.52,True,90.0,8,1,1,2,3,2,6,2,2,1334.94,1.523
33,8.08,19.56,4.28,True,90.0,True,90.0,True,90.0,4,1,1,2,3,2,5,2,2,676.43,1.503
15,11.23,6.53,20.67,True,90.0,False,118.95,True,90.0,8,1,1,2,1,1,6,1,2,1326.36,1.533
2,3.88,6.51,15.14,False,88.67,False,73.14,False,64.17,2,1,1,4,2,1,6,4,2,327.04,1.554
14,6.13,17.24,6.28,True,90.0,False,100.5,True,90.0,4,1,1,4,1,1,6,4,2,652.56,1.558
2,6.9,11.81,8.64,False,75.78,False,76.61,False,98.33,4,1,1,4,2,2,6,3,2,648.57,1.567
4,5.42,10.06,12.14,True,90.0,False,95.14,True,90.0,4,1,1,3,2,3,4,2,2,659.27,1.542
1,9.53,9.01,8.44,False,88.25,False,113.85,False,99.1,4,1,1,3,1,2,6,2,2,654.03,1.554
2,5.1,6.0,12.74,False,105.46,False,85.86,False,65.14,2,1,1,1,5,2,4,4,2,333.27,1.525
15,11.79,5.75,19.09,True,90.0,False,96.83,True,90.0,8,1,1,4,1,1,6,4,2,1284.97,1.582
14,7.82,14.33,6.61,True,90.0,False,114.69,True,90.0,4,1,1,3,2,1,6,3,2,673.0,1.51
14,7.88,9.35,17.68,True,90.0,False,96.68,True,90.0,8,1,1,4,1,1,6,3,2,1293.78,1.571
14,4.84,7.33,18.81,True,90.0,False,92.41,True,90.0,4,1,1,4,1,1,6,2,2,666.74,1.525
14,7.77,17.11,9.94,True,90.0,False,96.96,True,90.0,8,1,1,2,1,1,6,4,2,1311.73,1.55
2,6.4,8.23,13.16,False,103.2,False,96.74,False,100.48,4,1,1,4,2,1,6,2,2,654.39,1.553
14,11.61,3.93,16.16,True,90.0,False,112.95,True,90.0,4,1,1,3,2,2,6,3,2,678.97,1.497
1,7.77,9.45,10.68,False,71.31,False,71.49,False,101.53,4,1,1,2,4,3,6,4,2,663.52,1.532
2,9.53,8.45,16.83,False,89.45,False,105.78,False,99.35,8,1,1,2,3,2,6,3,2,1286.04,1.581
2,9.25,10.97,6.9,False,78.78,False,89.43,False,79.9,4,1,1,2,3,3,6,3,2,675.92,1.504
2,9.16,11.36,7.75,False,76.54,False,69.47,False,63.52,4,1,1,1,5,3,5,4,2,673.18,1.51
19,10.31,10.27,12.23,True,90.0,True,90.0,True,90.0,8,1,1,4,3,3,6,3,2,1294.96,1.57
14,7.13,4.67,20.42,True,90.0,False,98.58,True,90.0,4,1,1,1,2,1,5,3,2,672.32,1.512
14,5.27,6.37,21.22,True,90.0,False,111.83,True,90.0,4,1,1,4,1,1,6,2,2,661.27,1.537
29,8.34,7.87,20.68,True,90.0,True,90.0,True,90.0,8,1,1,2,3,1,6,4,2,1357.35,1.498
33,8.61,8.66,17.45,True,90.0,True,90.0,True,90.0,8,1,1,3,3,2,6,4,2,1301.12,1.563
2,7.48,15.31,6.06,False,86.9,False,88.71,False,76.45,4,1,1,3,2,1,6,4,2,673.65,1.509
9,11.98,9.53,11.68,True,90.0,False,95.23,True,90.0,8,1,1,1,3,2,5,2,2,1327.95,1.531
1,10.75,10.72,11.65,False,85.21,False,84.17,False,85.4,8,1,1,1,5,3,4,4,2,1327.45,1.532
15,10.19,6.34,21.1,True,90.0,False,93.78,True,90.0,8,1,1,1,2,2,6,4,2,1360.19,1.495
2,6.89,10.35,9.77,False,73.27,False,81.23,False,94.73,4,1,1,2,1,1,5,2,2,653.52,1.555
15,8.74,8.69,18.0,True,90.0,False,104.2,True,90.0,8,1,1,3,1,3,6,2,2,1325.34,1.534
2,10.74,5.38,13.2,False,100.85,False,105.42,False,105.7,4,1,1,2,3,3,6,2,2,679.44,1.496
2,8.07,17.85,4.65,False,93.14,False,84.41,False,86.8,4,1,1,2,4,4,6,5,2,664.38,1.53
2,7.44,8.19,5.89,False,100.59,False,73.09,False,77.71,2,1,1,4,1,1,6,2,2,323.72,1.57
2,7.55,9.11,10.55,False,94.15,False,68.45,False,99.68,4,1,1,4,4,3,4,2,2,665.26,1.528
33,8.03,4.56,17.87,True,90.0,True,90.0,True,90.0,4,1,1,1,5,2,6,2,2,654.34,1.554
19,8.29,6.55,24.49,True,90.0,True,90.0,True,90.0,8,1,1,2,4,2,6,2,2,1329.79,1.529
14,6.74,6.43,7.98,True,90.0,False,109.62,True,90.0,2,1,1,2,3,2,6,5,2,325.76,1.56
14,13.43,10.04,9.98,True,90.0,False,96.16,True,90.0,8,1,1,3,3,3,5,2,2,1337.91,1.52
2,9.33,15.34,9.76,False,95.38,False,102.19,False,91.59,8,1,1,3,3,2,6,2,2,1357.74,1.497
15,10.68,8.33,15.54,True,90.0,False,105.61,True,90.0,8,1,1,4,2,1,6,4,2,1331.51,1.527
2,6.89,5.51,9.7,False,101.13,False,113.11,False,90.58,2,1,1,2,3,2,6,4,2,330.82,1.536
14,6.56,6.65,16.21,True,90.0,False,108.82,True,90.0,4,1,1,4,2,2,6,3,2,669.34,1.519
9,8.47,16.11,10.29,True,90.0,False,109.33,True,90.0,8,1,1,2,2,1,6,4,2,1324.94,1.534
61,6.68,7.69,26.14,True,90.0,True,90.0,True,90.0,8,1,1,2,3,2,6,4,2,1342.79,1.514
2,9.67,9.0,8.56,False,99.89,False,109.66,False,66.13,4,1,1,3,1,1,6,2,2,640.99,1.586
2,7.0,10.79,9.26,False,85.54,False,71.74,False,87.77,4,1,1,2,4,2,6,4,2,662.1,1.535
9,13.73,10.05,10.64,True,90.0,False,115.76,True,90.0,8,1,1,1,4,3,6,2,2,1322.27,1.538
2,7.31,9.22,5.52,False,65.33,False,71.58,False,80.09,2,1,1,2,5,2,5,2,2,320.41,1.586
14,8.44,14.8,11.69,True,90.0,False,117.21,True,90.0,8,1,1,2,1,2,5,3,2,1298.63,1.566
2,5.53,9.73,6.1,False,86.06,False,80.81,False,80.56,2,1,1,1,5,3,6,2,2,319.32,1.592
2,11.36,7.9,8.62,False,99.97,False,111.67,False,66.01,4,1,1,3,1,1,6,3,2,656.58,1.548
2,5.21,7.67,9.63,False,99.06,False,75.37,False,70.47,2,1,1,4,2,3,6,4,2,338.35,1.502
19,5.78,17.62,6.57,True,90.0,True,90.0,True,90.0,4,1,1,2,3,3,6,2,2,669.11,1.519
1,5.35,8.04,15.5,False,88.72,False,92.65,False,92.37,4,1,1,3,4,2,6,4,2,665.29,1.528
1,8.23,9.29,5.47,False,71.27,False,117.4,False,78.61,2,1,1,3,3,2,5,4,2,320.62,1.585
4,9.06,8.17,9.73,True,90.0,False,117.02,True,90.0,4,1,1,2,3,2,6,5,2,641.6,1.584
14,11.33,5.26,22.33,True,90.0,False,98.54,True,90.0,8,1,1,4,1,1,6,2,2,1316.02,1.545
2,7.7,11.11,8.06,False,86.46,False,77.14,False,87.37,4,1,1,2,3,1,6,3,2,670.56,1.516
4,5.61,5.62,10.39,True,90.0,False,91.51,True,90.0,2,1,1,2,2,2,6,4,2,327.46,1.552
15,11.57,7.74,8.09,True,90.0,False,110.53,True,90.0,4,1,1,1,5,4,5,2,2,678.46,1.498
2,4.12,7.87,11.19,False,100.4,False,96.71,False,113.16,2,1,1,2,3,2,6,4,2,320.95,1.584
19,6.6,14.17,14.38,True,90.0,True,90.0,True,90.0,8,1,1,3,3,2,6,2,2,1344.85,1.512
15,11.25,6.98,8.53,True,90.0,False,97.22,True,90.0,4,1,1,4,1,2,6,3,2,664.51,1.53
4,6.16,9.86,11.0,True,90.0,False,95.01,True,90.0,4,1,1,4,2,3,5,5,2,665.56,1.527
14,6.31,7.83,14.98,True,90.0,False,116.46,True,90.0,4,1,1,2,4,2,6,1,2,662.59,1.534
14,8.06,10.23,8.02,True,90.0,False,105.17,True,90.0,4,1,1,1,5,1,6,3,2,638.24,1.593
4,13.91,5.71,8.9,True,90.0,False,112.73,True,90.0,4,1,1,2,3,2,6,5,2,651.99,1.559
14,8.24,11.07,8.46,True,90.0,False,119.11,True,90.0,4,1,1,2,4,2,6,2,2,674.22,1.508
2,5.79,5.68,10.51,False,87.36,False,97.43,False,79.91,2,1,1,2,3,2,6,5,2,336.6,1.51
2,12.49,7.72,7.69,False,99.7,False,111.19,False,99.15,4,1,1,3,3,1,6,4,2,661.67,1.536
15,11.16,6.23,19.64,True,90.0,False,109.58,True,90.0,8,1,1,4,2,3,6,3,2,1286.55,1.58
14,8.71,9.61,16.26,True,90.0,False,92.02,True,90.0,8,1,1,4,3,1,6,2,2,1360.17,1.495
2,5.1,4.97,13.93,False,88.17,False,100.3,False,102.17,2,1,1,4,2,2,5,4,2,339.58,1.497
2,8.18,5.31,9.45,False,87.98,False,112.24,False,64.35,2,1,1,4,1,1,6,3,2,332.6,1.528
2,9.89,4.43,8.35,False,80.22,False,81.83,False,62.52,2,1,1,4,3,3,6,2,2,318.99,1.593
1,10.19,11.53,5.97,False,72.58,False,84.69,False,74.39,4,1,1,3,3,2,6,2,2,644.51,1.577
2,8.31,7.4,12.03,False,66.5,False,79.07,False,98.7,4,1,1,4,2,2,6,5,2,644.62,1.577
15,10.25,5.09,25.42,True,90.0,False,93.62,True,90.0,8,1,1,3,2,1,6,4,2,1323.58,1.536
14,14.83,14.68,6.68,True,90.0,False,114.12,True,90.0,8,1,1,3,1,1,6,4,2,1327.3,1.532
2,7.79,8.2,10.41,False,89.46,False,74.3,False,86.47,4,1,1,4,1,1,6,2,2,638.93,1.591
4,5.76,4.91,11.79,True,90.0,False,100.96,True,90.0,2,1,1,2,3,2,6,5,2,327.36,1.553
14,3.72,5.29,16.97,True,90.0,False,98.15,True,90.0,2,1,1,2,3,1,6,3,2,330.58,1.537
14,4.65,4.08,17.14,True,90.0,False,96.94,True,90.0,2,1,1,4,1,1,6,2,2,322.8,1.575
2,8.72,5.49,7.61,False,86.84,False,93.24,False,68.89,2,1,1,2,3,2,5,3,2,338.2,1.503
4,13.14,4.59,5.77,True,90.0,False,113.07,True,90.0,2,1,1,1,1,1,6,1,2,320.17,1.587
15,15.57,5.57,15.73,True,90.0,False,110.7,True,90.0,8,1,1,3,2,1,6,3,2,1276.12,1.593
14,9.33,6.99,20.43,True,90.0,False,105.9,True,90.0,8,1,1,4,1,1,6,2,2,1281.4,1.587
14,6.01,5.47,20.2,True,90.0,False,92.14,True,90.0,4,1,1,3,2,2,6,2,2,663.61,1.532
9,8.85,8.47,8.58,True,90.0,False,82.7,True,90.0,4,1,1,2,5,2,6,4,2,637.94,1.593
2,8.39,5.8,15.25,False,86.83,False,104.55,False,112.6,4,1,1,3,2,2,6,2,2,662.43,1.535
14,9.74,17.6,3.98,True,90.0,False,107.41,True,90.0,4,1,1,2,3,2,5,2,2,651.01,1.561
2,7.92,15.2,6.3,False,112.7,False,91.89,False,108.23,4,1,1,2,3,3,4,2,2,654.25,1.554
2,6.56,8.16,6.61,False,87.08,False,73.59,False,92.17,2,1,1,2,3,3,6,2,2,338.47,1.502
2,11.79,6.97,16.29,False,92.57,False,91.36,False,98.99,8,1,1,3,2,1,6,2,2,1320.24,1.54
2,8.48,7.3,5.7,False,88.05,False,77.07,False,68.62,2,1,1,2,4,1,6,1,2,319.8,1.589
2,6.02,8.19,7.64,False,71.59,False,82.46,False,70.15,2,1,1,4,1,1,6,4,2,336.05,1.512
14,9.99,8.08,16.71,True,90.0,False,99.56,True,90.0,8,1,1,4,2,1,6,4,2,1330.09,1.529
14,10.88,4.75,25.4,True,90.0,False,92.95,True,90.0,8,1,1,4,2,1,6,5,2,1310.93,1.551
15,13.1,7.31,15.36,True,90.0,False,117.34,True,90.0,8,1,1,3,1,1,6,3,2,1306.59,1.556
14,4.29,3.83,20.58,True,90.0,False,97.29,True,90.0,2,1,1,4,2,1,6,5,2,335.41,1.515
2,6.42,9.75,5.75,False,70.51,False,76.83,False,81.43,2,1,1,2,4,1,6,1,2,329.33,1.543
14,4.66,11.11,13.17,True,90.0,False,101.48,True,90.0,4,1,1,3,2,1,6,4,2,668.2,1.521
14,10.34,18.71,6.69,True,90.0,False,92.22,True,90.0,8,1,1,2,3,3,5,4,2,1293.29,1.572
4,6.82,10.78,9.52,True,90.0,False,107.88,True,90.0,4,1,1,2,3,3,6,2,2,666.1,1.526
2,4.82,5.5,13.18,False,87.77,False,97.56,False,79.13,2,1,1,2,3,2,6,1,2,339.42,1.497
2,13.8,9.0,11.39,False,81.7,False,76.85,False,80.01,8,1,1,3,2,2,6,2,2,1348.52,1.508
2,7.24,7.48,12.7,False,73.83,False,78.18,False,81.15,4,1,1,3,2,1,6,5,2,643.12,1.581
2,8.58,8.06,10.87,False,92.46,False,107.79,False,107.18,4,1,1,3,3,2,6,4,2,676.46,1.503
2,4.7,7.0,10.6,False,87.06,False,75.28,False,85.19,2,1,1,3,1,2,6,5,2,335.94,1.513
2,6.21,8.34,7.0,False,106.53,False,80.23,False,80.66,2,1,1,4,3,3,6,3,2,333.9,1.522
1,8.22,5.48,8.34,False,89.76,False,81.13,False,64.27,2,1,1,4,1,1,6,2,2,333.55,1.524
1,7.82,5.88,7.35,False,87.36,False,79.82,False,79.02,2,1,1,3,2,2,6,3,2,326.53,1.557
9,12.57,13.34,3.91,True,90.0,False,98.79,True,90.0,4,1,1,1,5,2,6,2,2,647.94,1.569
2,12.25,5.65,10.68,False,92.87,False,113.79,False,97.98,4,1,1,2,3,2,5,2,2,665.23,1.528
33,13.28,4.39,11.52,True,90.0,True,90.0,True,90.0,4,1,1,2,1,1,6,4,2,671.61,1.514
2,6.81,7.17,14.82,False,80.8,False,89.33,False,68.03,4,1,1,2,2,1,6,2,2,661.53,1.537
14,7.11,14.12,6.9,True,90.0,False,78.8,True,90.0,4,1,1,1,6,2,6,4,2,679.52,1.496
2,9.33,8.25,5.32,False,71.17,False,71.2,False,63.67,2,1,1,1,4,3,6,2,2,339.54,1.497
1,6.32,7.06,15.93,False,107.02,False,96.79,False,101.54,4,1,1,3,3,2,6,5,2,653.95,1.554
