Space group number,A,B,C,Alpha_90,Alpha,Beta_90,Beta,Gamma_90,Gamma,Z value,Molecular weight_category,S_L_category,M_L_category,S_M_category,S_category,Globularity_category,FrTPSA_category,Dipole moment_category,Calculated volume,Calculated density
2,7.87,9.33,11.71,False,69.96,False,71.44,False,65.25,2,3,3,2,5,5,4,2,5,718.0,1.411
14,10.84,7.77,17.84,True,90.0,False,92.13,True,90.0,4,3,3,2,5,5,4,3,5,1501.57,1.35
14,11.3,24.51,5.4,True,90.0,False,100.39,True,90.0,4,3,3,2,5,5,4,3,5,1471.08,1.378
14,14.19,10.08,10.32,True,90.0,False,100.54,True,90.0,4,3,3,3,5,5,3,3,5,1451.22,1.396
2,12.95,8.24,13.9,False,84.93,False,86.73,False,80.3,4,3,3,3,5,6,4,1,5,1454.97,1.393
14,10.69,8.21,16.54,True,90.0,False,96.78,True,90.0,4,3,3,3,4,7,3,1,5,1441.48,1.406
14,12.31,10.45,12.55,True,90.0,False,110.94,True,90.0,4,3,3,2,5,6,3,2,5,1507.8,1.344
19,10.14,15.7,9.22,True,90.0,True,90.0,True,90.0,4,3,3,3,5,5,4,3,5,1467.81,1.381
4,10.97,6.77,9.52,True,90.0,False,92.23,True,90.0,2,3,3,3,4,7,3,3,5,706.49,1.434
14,9.7,17.89,8.36,True,90.0,False,98.72,True,90.0,4,3,3,4,4,6,3,3,5,1433.97,1.413
4,17.44,8.34,10.52,True,90.0,False,110.22,True,90.0,4,3,3,2,6,6,3,3,5,1435.83,1.411
14,13.17,5.28,20.68,True,90.0,False,94.06,True,90.0,4,3,3,4,3,6,3,1,5,1434.43,1.413
14,12.26,6.83,17.21,True,90.0,False,95.87,True,90.0,4,3,3,3,4,5,3,2,5,1433.54,1.414
14,10.54,9.72,15.96,True,90.0,False,113.2,True,90.0,4,3,3,3,4,6,3,4,5,1502.86,1.348
2,7.71,8.33,11.73,False,98.41,False,93.22,False,106.44,2,3,3,2,5,6,3,2,5,710.99,1.425
2,8.89,10.6,15.33,False,86.45,False,85.78,False,80.74,4,3,3,2,6,6,4,2,5,1420.07,1.427
14,7.64,8.0,24.08,True,90.0,False,99.17,True,90.0,4,3,3,4,4,5,3,3,5,1452.96,1.395
14,8.3,15.02,12.18,True,90.0,False,100.63,True,90.0,4,3,3,4,3,5,4,5,5,1492.37,1.358
15,14.22,10.71,20.06,True,90.0,False,106.95,True,90.0,8,3,3,4,4,6,3,5,5,2922.35,1.387
14,8.54,8.6,20.3,True,90.0,False,83.85,True,90.0,4,3,3,1,6,5,4,2,5,1482.33,1.367
5,19.46,6.13,12.16,True,90.0,False,92.97,True,90.0,4,3,3,2,5,5,3,1,5,1448.62,1.399
14,9.76,10.23,28.49,True,90.0,False,91.67,True,90.0,8,3,3,1,6,6,3,2,5,2843.37,1.425
14,7.55,6.5,30.0,True,90.0,False,100.99,True,90.0,4,3,3,4,4,6,4,4,5,1445.25,1.402
5,14.93,11.01,19.41,True,90.0,False,113.94,True,90.0,8,3,3,3,4,6,3,3,5,2916.12,1.39
14,8.0,10.55,17.84,True,90.0,False,98.76,True,90.0,4,3,3,2,6,7,3,3,5,1488.13,1.362
2,7.65,8.47,23.17,False,80.98,False,87.86,False,79.97,4,3,3,1,6,4,6,3,5,1460.01,1.388
33,18.55,7.7,9.94,True,90.0,True,90.0,True,90.0,4,3,3,4,2,5,3,3,5,1419.78,1.427
14,11.77,20.84,12.07,True,90.0,False,105.91,True,90.0,8,3,3,3,4,5,3,3,5,2847.2,1.424
4,6.66,10.05,11.71,True,90.0,False,108.49,True,90.0,2,3,3,4,3,5,5,3,5,743.33,1.363
4,10.06,9.43,8.13,True,90.0,False,111.19,True,90.0,2,3,3,2,5,6,4,4,5,719.11,1.409
2,7.83,8.16,11.94,False,76.09,False,90.23,False,78.25,2,3,3,2,5,6,3,3,5,723.86,1.4
2,11.72,7.65,10.32,False,100.13,False,109.96,False,111.97,2,3,3,2,5,6,3,3,5,756.03,1.34
33,8.49,22.74,7.83,True,90.0,True,90.0,True,90.0,4,3,3,4,4,4,4,5,5,1511.68,1.341
14,11.18,8.01,16.63,True,90.0,False,102.33,True,90.0,4,3,3,4,3,4,4,3,5,1454.9,1.393
19,7.49,7.84,24.31,True,90.0,True,90.0,True,90.0,4,3,3,3,3,5,3,3,5,1427.52,1.42
15,28.22,9.69,10.42,True,90.0,False,93.5,True,90.0,8,3,3,1,6,6,3,2,5,2844.05,1.425
14,7.01,9.69,22.05,True,90.0,False,96.95,True,90.0,4,3,3,1,5,5,2,2,5,1486.78,1.363
14,13.76,8.11,13.71,True,90.0,False,112.21,True,90.0,4,3,3,3,4,6,3,1,5,1416.43,1.431
14,9.13,11.04,15.15,True,90.0,False,100.48,True,90.0,4,3,3,2,5,6,3,1,5,1501.57,1.35
19,10.68,12.04,11.65,True,90.0,True,90.0,True,90.0,4,3,3,2,5,5,3,2,5,1498.04,1.353
14,9.25,10.01,18.26,True,90.0,False,117.94,True,90.0,4,3,3,2,6,6,3,2,5,1493.66,1.357
2,9.17,7.36,12.45,False,75.67,False,70.27,False,75.59,2,3,3,4,4,5,5,4,5,753.63,1.345
19,8.71,12.42,13.12,True,90.0,True,90.0,True,90.0,4,3,3,3,5,5,3,3,5,1419.3,1.428
5,11.26,6.97,19.48,True,90.0,False,103.35,True,90.0,4,3,3,2,5,5,5,3,5,1487.52,1.362
14,10.13,14.62,10.26,True,90.0,False,107.4,True,90.0,4,3,3,3,4,5,3,4,5,1449.98,1.398
15,12.05,18.35,13.7,True,90.0,False,108.85,True,90.0,8,3,3,2,5,6,3,2,5,2866.84,1.414
2,9.11,8.85,11.1,False,64.47,False,78.17,False,62.27,2,3,3,3,4,5,4,3,5,714.78,1.418
2,10.38,11.56,7.13,False,105.69,False,101.64,False,107.73,2,3,3,1,5,5,4,3,5,745.94,1.358
14,23.53,12.08,10.28,True,90.0,False,103.56,True,90.0,8,3,3,3,5,6,3,3,5,2840.56,1.427
2,10.08,11.63,13.65,False,87.02,False,110.8,False,87.48,4,3,3,2,4,6,3,3,5,1490.54,1.36
5,12.78,16.23,7.29,True,90.0,False,100.39,True,90.0,4,3,3,3,5,7,3,2,5,1487.29,1.363
4,9.93,20.28,7.22,True,90.0,False,96.07,True,90.0,4,3,3,4,4,5,2,3,5,1445.81,1.402
14,13.2,16.94,13.67,True,90.0,False,111.38,True,90.0,8,3,3,4,4,7,3,1,5,2846.37,1.424
5,18.09,7.79,23.21,True,90.0,False,115.44,True,90.0,8,3,3,3,4,4,4,3,5,2953.63,1.372
14,12.0,5.61,11.11,True,90.0,False,91.92,True,90.0,2,3,3,3,4,5,3,2,5,747.51,1.356
14,8.38,13.46,13.36,True,90.0,False,98.77,True,90.0,4,3,3,2,5,5,4,3,5,1489.32,1.361
61,26.58,11.87,9.02,True,90.0,True,90.0,True,90.0,8,3,3,4,3,4,5,4,5,2845.85,1.424
19,12.32,7.98,15.41,True,90.0,True,90.0,True,90.0,4,3,3,3,4,5,5,2,5,1515.01,1.338
2,10.17,10.45,8.46,False,114.72,False,100.43,False,107.27,2,3,3,3,5,6,4,2,5,730.02,1.388
14,11.42,10.52,12.33,True,90.0,False,102.39,True,90.0,4,3,3,2,5,5,3,4,5,1446.81,1.401
2,13.43,7.16,8.6,False,93.84,False,110.72,False,107.06,2,3,3,2,5,7,5,4,5,725.83,1.396
4,5.93,7.36,16.22,True,90.0,False,93.7,True,90.0,2,3,3,4,3,5,6,3,5,706.44,1.434
2,8.65,13.32,13.19,False,93.74,False,97.72,False,92.2,4,3,3,2,4,5,4,3,5,1501.03,1.35
2,11.95,8.21,15.41,False,103.13,False,97.86,False,93.16,4,3,3,2,6,6,4,3,5,1452.68,1.395
14,11.35,13.97,9.32,True,90.0,False,106.9,True,90.0,4,3,3,2,4,6,4,3,5,1413.95,1.433
9,20.8,9.78,7.64,True,90.0,False,106.51,True,90.0,4,3,3,4,5,7,4,3,5,1490.08,1.36
4,9.88,6.03,12.47,True,90.0,False,92.92,True,90.0,2,3,3,2,5,6,2,3,5,741.95,1.366
4,6.96,11.71,18.5,True,90.0,False,100.68,True,90.0,4,3,3,3,5,5,3,3,5,1481.66,1.368
2,8.8,8.94,19.63,False,99.86,False,99.7,False,94.71,4,3,3,4,3,4,4,2,5,1489.95,1.36
2,8.63,7.44,12.63,False,94.87,False,110.52,False,99.35,2,3,3,2,5,6,3,2,5,740.51,1.368
2,8.22,7.94,11.82,False,71.31,False,78.14,False,87.46,2,3,3,4,3,6,3,2,5,714.98,1.417
14,15.74,15.02,6.49,True,90.0,False,99.45,True,90.0,4,3,3,2,6,5,3,4,5,1513.51,1.339
15,11.14,11.47,23.21,True,90.0,False,95.97,True,90.0,8,3,3,3,4,4,4,3,5,2949.59,1.374
14,19.48,10.91,7.07,True,90.0,False,99.01,True,90.0,4,3,3,1,5,5,4,3,5,1484.02,1.366
2,7.45,8.84,11.48,False,86.96,False,86.38,False,85.83,2,3,3,1,6,7,3,2,5,751.65,1.348
2,12.57,7.88,17.87,False,99.28,False,113.68,False,104.75,4,3,3,2,5,6,4,2,5,1496.6,1.354
2,8.73,7.38,12.47,False,79.13,False,111.96,False,106.17,2,3,3,4,3,5,4,1,5,712.42,1.422
2,11.15,9.1,16.19,False,79.76,False,74.51,False,65.32,4,3,3,2,4,3,5,5,5,1434.32,1.413
2,9.92,7.9,10.37,False,99.51,False,104.06,False,107.32,2,3,3,1,6,5,5,3,5,727.4,1.393
2,6.13,10.18,12.71,False,113.37,False,97.83,False,93.02,2,3,3,2,5,7,2,3,5,716.31,1.415
2,7.94,7.99,12.51,False,87.08,False,70.74,False,80.31,2,3,3,2,6,7,3,4,5,738.52,1.372
4,6.33,10.6,11.06,True,90.0,False,100.14,True,90.0,2,3,3,3,4,4,4,4,5,730.51,1.387
2,8.3,12.08,16.15,False,112.97,False,101.26,False,94.04,4,3,3,2,5,7,5,3,5,1442.76,1.405
14,12.49,10.5,12.9,True,90.0,False,118.2,True,90.0,4,3,3,3,4,6,3,3,5,1490.96,1.359
19,6.5,14.42,16.06,True,90.0,True,90.0,True,90.0,4,3,3,4,4,7,5,3,5,1505.3,1.346
14,14.21,13.04,8.84,True,90.0,False,117.17,True,90.0,4,3,3,4,3,6,3,2,5,1457.29,1.391
61,10.93,8.94,30.0,True,90.0,True,90.0,True,90.0,8,3,3,4,3,5,4,1,5,2931.43,1.383
19,5.16,12.31,22.72,True,90.0,True,90.0,True,90.0,4,3,3,2,5,6,3,4,5,1443.17,1.404
14,9.42,7.15,21.39,True,90.0,False,97.54,True,90.0,4,3,3,2,5,7,5,2,5,1428.22,1.419
14,5.99,8.63,28.79,True,90.0,False,93.22,True,90.0,4,3,3,2,6,6,4,4,5,1485.91,1.364
4,9.84,11.07,13.55,True,90.0,False,100.92,True,90.0,4,3,3,1,6,4,4,4,5,1449.26,1.398
14,5.85,14.62,16.89,True,90.0,False,92.09,True,90.0,4,3,3,4,3,4,4,5,5,1443.59,1.404
15,12.6,8.19,15.18,True,90.0,False,109.79,True,90.0,4,3,3,3,5,6,3,3,5,1473.97,1.375
14,7.62,11.92,17.32,True,90.0,False,107.77,True,90.0,4,3,3,2,6,6,4,4,5,1498.12,1.353
5,11.58,7.9,15.68,True,90.0,False,91.17,True,90.0,4,3,3,3,5,7,3,4,5,1434.14,1.413
5,17.58,8.15,20.07,True,90.0,False,93.89,True,90.0,8,3,3,4,2,6,3,3,5,2868.94,1.413
14,13.04,8.46,13.18,True,90.0,False,99.3,True,90.0,4,3,3,2,5,6,3,2,5,1434.88,1.412
14,12.27,8.48,15.22,True,90.0,False,114.98,True,90.0,4,3,3,2,6,4,5,2,5,1435.49,1.412
14,8.99,11.2,15.91,True,90.0,False,115.62,True,90.0,4,3,3,2,6,5,4,3,5,1444.45,1.403
14,19.17,28.43,5.53,True,90.0,False,102.07,True,90.0,8,3,3,2,5,7,3,2,5,2947.24,1.375
5,13.98,8.23,13.03,True,90.0,False,98.55,True,90.0,4,3,3,2,5,5,5,2,5,1482.51,1.367
14,15.19,13.19,16.16,True,90.0,False,115.5,True,90.0,8,3,3,2,6,6,4,3,5,2922.35,1.387
14,16.08,5.55,17.71,True,90.0,False,107.86,True,90.0,4,3,3,3,4,5,3,2,5,1504.34,1.347
14,9.6,15.15,10.28,True,90.0,False,100.34,True,90.0,4,3,3,2,6,6,5,2,5,1470.84,1.378
2,7.15,7.36,15.06,False,89.4,False,88.26,False,69.33,2,3,3,3,3,5,3,3,5,741.16,1.367
19,8.14,8.96,20.08,True,90.0,True,90.0,True,90.0,4,3,3,3,3,6,3,2,5,1464.52,1.384
15,17.17,7.64,22.38,True,90.0,False,103.6,True,90.0,8,3,3,4,5,6,4,2,5,2853.47,1.42
2,9.88,11.88,13.21,False,70.33,False,88.89,False,75.77,4,3,3,4,4,3,4,2,5,1411.82,1.435
2,9.75,7.74,10.5,False,78.88,False,78.59,False,79.5,2,3,3,2,5,6,2,5,5,753.54,1.345
2,8.18,11.56,17.87,False,79.56,False,86.23,False,64.24,4,3,3,1,5,6,4,3,5,1496.52,1.354
4,11.56,6.66,19.29,True,90.0,False,93.43,True,90.0,4,3,3,3,3,5,3,3,5,1482.47,1.367
2,5.91,10.9,12.99,False,112.01,False,94.94,False,100.52,2,3,3,3,4,5,4,3,5,751.73,1.348
4,13.79,10.86,10.17,True,90.0,False,109.03,True,90.0,4,3,3,3,3,5,3,2,5,1439.82,1.407
2,8.61,14.77,12.52,False,72.32,False,102.73,False,88.65,4,3,3,1,6,5,3,2,5,1472.65,1.376
15,25.87,13.01,9.99,True,90.0,False,116.5,True,90.0,8,3,3,4,4,5,4,3,5,3009.06,1.347
2,7.56,11.94,17.81,False,111.5,False,86.11,False,100.05,4,3,3,1,5,5,6,4,5,1472.82,1.376
15,27.56,6.42,16.85,True,90.0,False,106.85,True,90.0,8,3,3,3,4,6,4,3,5,2853.36,1.42
33,11.86,4.27,28.59,True,90.0,True,90.0,True,90.0,4,3,3,2,5,6,4,1,5,1447.86,1.4
2,7.7,7.58,14.39,False,86.97,False,114.94,False,99.49,2,3,3,2,4,6,5,4,5,751.01,1.349
4,7.99,11.39,16.74,True,90.0,False,95.79,True,90.0,4,3,3,4,4,5,5,3,5,1515.67,1.337
2,7.03,8.01,12.77,False,93.05,False,92.62,False,99.45,2,3,3,2,5,5,5,3,5,707.24,1.433
4,12.37,10.62,11.99,True,90.0,False,109.9,True,90.0,4,3,3,3,4,5,3,3,5,1481.07,1.368
15,15.26,8.91,22.27,True,90.0,False,93.28,True,90.0,8,3,3,2,5,5,3,3,5,3023.02,1.341
4,10.84,5.63,12.64,True,90.0,False,113.72,True,90.0,2,3,3,2,6,6,3,4,5,706.24,1.435
2,7.17,11.92,18.16,False,87.51,False,100.09,False,100.25,4,3,3,2,5,8,3,2,5,1503.56,1.348
4,12.6,7.82,7.72,True,90.0,False,96.3,True,90.0,2,3,3,3,5,6,3,3,5,756.07,1.34
2,6.67,8.18,14.77,False,100.83,False,99.71,False,103.39,2,3,3,2,4,5,3,4,5,750.77,1.35
14,6.95,19.74,5.27,True,90.0,False,93.0,True,90.0,2,3,3,4,5,4,5,1,5,722.02,1.403
4,8.1,12.47,14.86,True,90.0,False,92.13,True,90.0,4,3,3,2,6,6,3,2,5,1499.93,1.351
14,11.33,7.7,17.81,True,90.0,False,109.11,True,90.0,4,3,3,3,5,6,5,3,5,1468.14,1.38
14,15.99,11.01,17.28,True,90.0,False,110.71,True,90.0,8,3,3,1,6,5,5,4,5,2845.57,1.424
19,5.45,13.79,19.32,True,90.0,True,90.0,True,90.0,4,3,3,3,5,5,6,4,5,1452.0,1.396
14,10.21,20.15,7.01,True,90.0,False,98.74,True,90.0,4,3,3,3,5,5,4,1,5,1425.43,1.422
2,8.47,11.28,16.64,False,112.14,False,91.12,False,95.88,4,3,3,4,3,5,3,2,5,1461.92,1.386
4,7.93,13.71,7.28,True,90.0,False,108.8,True,90.0,2,3,3,3,4,5,3,3,5,749.26,1.352
15,15.92,12.1,17.47,True,90.0,False,118.65,True,90.0,8,3,3,4,3,5,4,2,5,2953.25,1.372
14,9.67,9.81,16.28,True,90.0,False,104.57,True,90.0,4,3,3,2,5,6,3,2,5,1494.7,1.356
19,7.12,12.28,17.01,True,90.0,True,90.0,True,90.0,4,3,3,1,6,5,4,4,5,1487.25,1.363
2,7.37,6.22,16.64,False,100.43,False,95.12,False,100.78,2,3,3,4,4,4,4,5,5,730.95,1.386
2,10.52,8.0,10.25,False,110.32,False,96.15,False,108.14,2,3,3,3,5,5,4,3,5,745.99,1.358
4,6.67,10.09,21.87,True,90.0,False,95.76,True,90.0,4,3,3,2,4,5,3,1,5,1464.43,1.384
14,7.42,8.05,25.15,True,90.0,False,95.51,True,90.0,4,3,3,2,6,6,3,1,5,1495.29,1.355
5,11.72,5.45,25.04,True,90.0,False,113.67,True,90.0,4,3,3,4,3,6,3,3,5,1464.85,1.383
19,5.56,16.11,16.9,True,90.0,True,90.0,True,90.0,4,3,3,2,4,5,4,3,5,1513.76,1.339
14,7.74,13.2,15.46,True,90.0,False,106.98,True,90.0,4,3,3,3,5,6,3,3,5,1510.66,1.341
2,10.08,7.86,11.26,False,99.23,False,111.6,False,112.33,2,3,3,3,5,6,3,3,5,718.99,1.409
14,16.68,11.37,7.63,True,90.0,False,97.9,True,90.0,4,3,3,2,5,6,3,2,5,1433.31,1.414
14,10.13,8.21,9.43,True,90.0,False,114.81,True,90.0,2,3,3,3,4,5,4,2,5,711.88,1.423
4,11.37,6.06,10.86,True,90.0,False,90.92,True,90.0,2,3,3,2,5,6,4,4,5,748.18,1.354
14,9.86,18.58,8.89,True,90.0,False,112.97,True,90.0,4,3,3,2,5,5,5,4,5,1499.5,1.351
61,12.54,10.57,22.25,True,90.0,True,90.0,True,90.0,8,3,3,4,4,6,3,3,5,2949.19,1.374
2,7.22,12.13,17.31,False,85.7,False,97.61,False,92.72,4,3,3,4,4,4,4,3,5,1497.32,1.353
14,11.58,11.6,11.52,True,90.0,False,108.98,True,90.0,4,3,3,4,4,5,3,3,5,1463.33,1.385
14,11.98,8.38,14.96,True,90.0,False,90.99,True,90.0,4,3,3,4,4,5,3,3,5,1501.65,1.35
14,13.03,11.25,10.7,True,90.0,False,107.72,True,90.0,4,3,3,2,5,6,3,3,5,1494.07,1.356
2,8.74,9.88,9.82,False,102.53,False,105.38,False,104.7,2,3,3,3,3,5,3,3,5,753.21,1.345
14,11.83,6.52,10.2,True,90.0,False,111.39,True,90.0,2,3,3,2,5,4,5,3,5,732.55,1.383
14,14.85,18.84,5.65,True,90.0,False,113.04,True,90.0,4,3,3,4,3,6,3,3,5,1454.63,1.393
14,6.58,12.79,17.75,True,90.0,False,90.97,True,90.0,4,3,3,3,5,5,4,2,5,1493.59,1.357
2,12.14,18.53,7.76,False,98.79,False,112.92,False,107.71,4,3,3,2,4,5,3,2,5,1456.58,1.391
61,13.44,13.85,15.42,True,90.0,True,90.0,True,90.0,8,3,3,3,3,7,3,2,5,2870.34,1.412
14,26.04,7.56,7.83,True,90.0,False,103.04,True,90.0,4,3,3,2,5,5,4,3,5,1501.68,1.35
2,9.07,7.69,12.09,False,100.18,False,114.31,False,99.57,2,3,3,3,4,5,4,4,5,729.04,1.39
14,12.53,11.91,20.77,True,90.0,False,102.06,True,90.0,8,3,3,2,5,8,3,1,5,3031.15,1.337
14,10.56,10.12,14.05,True,90.0,False,90.92,True,90.0,4,3,3,3,4,6,3,2,5,1501.29,1.35
2,8.21,8.06,12.82,False,112.69,False,111.13,False,93.5,2,3,3,2,5,5,4,1,5,710.04,1.427
4,17.15,4.75,9.12,True,90.0,False,103.78,True,90.0,2,3,3,3,3,4,3,3,5,721.55,1.404
2,9.81,9.87,16.61,False,69.9,False,80.65,False,71.03,4,3,3,3,5,5,6,3,5,1425.95,1.421
14,13.79,11.05,10.57,True,90.0,False,112.74,True,90.0,4,3,3,4,5,5,4,1,5,1485.45,1.364
19,8.78,11.17,29.28,True,90.0,True,90.0,True,90.0,8,3,3,2,4,6,3,1,5,2871.57,1.411
2,8.51,8.08,11.58,False,68.55,False,75.34,False,80.61,2,3,3,3,4,5,4,2,5,714.77,1.418
4,7.67,7.93,11.76,True,90.0,False,90.89,True,90.0,2,3,3,2,5,6,3,2,5,715.19,1.417
1,5.51,8.8,15.22,False,87.77,False,92.48,False,92.57,2,3,3,3,3,5,2,2,5,736.05,1.377
61,14.09,10.08,20.86,True,90.0,True,90.0,True,90.0,8,3,3,1,6,6,5,4,5,2962.69,1.368
9,12.21,11.69,11.02,True,90.0,False,108.61,True,90.0,4,3,3,3,5,6,3,3,5,1490.69,1.359
4,8.32,6.58,14.15,True,90.0,False,112.95,True,90.0,2,3,3,2,4,5,2,5,5,713.33,1.42
2,7.52,9.58,11.68,False,70.93,False,81.54,False,68.93,2,3,3,1,6,6,4,2,5,741.68,1.366
1,12.46,7.89,17.15,False,84.85,False,81.55,False,63.7,4,3,3,1,6,6,3,2,5,1494.5,1.356
15,18.13,8.21,21.26,True,90.0,False,111.87,True,90.0,8,3,3,3,5,6,4,3,5,2936.75,1.38
4,8.1,8.29,12.14,True,90.0,False,112.43,True,90.0,2,3,3,3,3,5,3,3,5,753.52,1.345
2,8.25,14.36,12.62,False,92.93,False,102.61,False,101.78,4,3,3,3,5,5,3,5,5,1421.12,1.426
4,11.28,10.27,13.43,True,90.0,False,110.47,True,90.0,4,3,3,3,5,5,3,5,5,1457.57,1.39
14,7.0,12.51,17.04,True,90.0,False,99.86,True,90.0,4,3,3,3,4,7,5,5,5,1470.15,1.378
5,26.75,6.94,17.46,True,90.0,False,111.68,True,90.0,8,3,3,2,6,7,3,1,5,3012.07,1.346
2,7.67,12.3,16.8,False,75.63,False,79.97,False,76.42,4,3,3,1,5,6,6,5,5,1481.07,1.368
14,9.34,7.5,11.83,True,90.0,False,116.83,True,90.0,2,3,3,2,6,6,4,3,5,739.48,1.37
15,13.71,8.29,25.46,True,90.0,False,97.68,True,90.0,8,3,3,4,3,5,5,4,5,2867.72,1.413
15,25.29,8.12,16.26,True,90.0,False,116.11,True,90.0,8,3,3,3,3,5,4,3,5,2998.32,1.352
14,12.81,7.96,29.04,True,90.0,False,93.38,True,90.0,8,3,3,2,5,5,3,5,5,2955.99,1.371
4,7.69,10.21,19.06,True,90.0,False,92.6,True,90.0,4,3,3,3,3,5,4,2,5,1494.95,1.356
14,10.21,9.28,15.37,True,90.0,False,91.93,True,90.0,4,3,3,3,4,6,3,2,5,1455.46,1.392
14,14.3,8.12,12.46,True,90.0,False,100.14,True,90.0,4,3,3,4,3,6,3,3,5,1424.21,1.423
2,8.08,10.85,16.2,False,86.93,False,85.75,False,87.61,4,3,3,3,5,6,5,2,5,1413.27,1.434
4,12.04,9.24,13.51,True,90.0,False,94.4,True,90.0,4,3,3,4,5,5,3,1,5,1498.55,1.352
4,7.7,9.53,11.11,True,90.0,False,112.74,True,90.0,2,3,3,4,3,4,4,5,5,751.89,1.348
5,15.48,10.67,17.68,True,90.0,False,96.79,True,90.0,8,3,3,1,6,7,3,2,5,2899.75,1.398
61,16.26,10.02,18.58,True,90.0,True,90.0,True,90.0,8,3,3,1,6,5,4,3,5,3027.15,1.339
14,15.41,6.52,30.0,True,90.0,False,95.28,True,90.0,8,3,3,2,5,6,4,2,5,3001.41,1.35
2,8.15,7.61,13.52,False,100.38,False,105.13,False,106.76,2,3,3,4,4,5,3,2,5,744.89,1.36
14,13.56,5.7,19.68,True,90.0,False,109.67,True,90.0,4,3,3,2,5,5,4,3,5,1432.35,1.415
2,8.1,12.14,16.42,False,106.88,False,105.21,False,93.71,4,3,3,1,6,6,3,2,5,1473.5,1.375
19,6.65,11.76,18.25,True,90.0,True,90.0,True,90.0,4,3,3,3,5,5,4,3,5,1427.22,1.42
4,7.12,4.98,20.89,True,90.0,False,100.42,True,90.0,2,3,3,4,4,6,5,2,5,728.49,1.391
2,11.15,12.15,5.89,False,93.53,False,109.59,False,92.71,2,3,3,2,5,6,3,2,5,748.36,1.354
29,15.8,7.3,25.42,True,90.0,True,90.0,True,90.0,8,3,3,2,6,6,4,4,5,2931.94,1.382
2,11.26,10.52,13.17,False,85.16,False,89.0,False,66.23,4,3,3,3,4,5,4,3,5,1422.39,1.425
14,9.42,9.29,17.62,True,90.0,False,112.49,True,90.0,4,3,3,3,3,6,3,3,5,1424.69,1.422
2,8.96,8.21,10.55,False,86.78,False,75.01,False,79.34,2,3,3,2,5,5,3,1,5,736.7,1.375
2,7.58,7.79,14.81,False,110.85,False,112.43,False,92.52,2,3,3,3,4,5,3,3,5,738.87,1.371
14,7.77,20.9,9.15,True,90.0,False,99.41,True,90.0,4,3,3,3,4,6,5,5,5,1465.9,1.382
2,10.9,14.63,9.59,False,95.25,False,110.07,False,94.6,4,3,3,3,4,6,3,1,5,1420.18,1.427
2,12.68,11.22,5.63,False,100.18,False,97.65,False,105.47,2,3,3,2,6,5,3,2,5,745.96,1.358
14,11.91,5.94,20.69,True,90.0,False,103.13,True,90.0,4,3,3,4,4,5,4,3,5,1425.46,1.422
5,16.17,10.25,9.54,True,90.0,False,107.64,True,90.0,4,3,3,4,3,5,4,3,5,1506.84,1.345
2,10.28,7.98,19.02,False,91.72,False,99.65,False,105.48,4,3,3,2,4,5,4,3,5,1477.82,1.371
2,10.96,9.55,7.72,False,91.84,False,108.5,False,105.92,2,3,3,2,6,5,4,4,5,730.57,1.387
9,8.08,14.83,12.77,True,90.0,False,103.67,True,90.0,4,3,3,3,5,7,5,2,5,1486.84,1.363
2,7.89,11.75,16.05,False,85.25,False,74.82,False,94.73,4,3,3,3,4,5,5,4,5,1422.69,1.424
2,6.26,11.31,11.25,False,74.98,False,75.03,False,86.63,2,3,3,3,3,5,4,2,5,743.16,1.363
2,8.25,6.58,14.51,False,87.62,False,112.17,False,80.34,2,3,3,2,5,5,3,2,5,714.34,1.418
5,18.05,8.34,10.32,True,90.0,False,113.69,True,90.0,4,3,3,3,3,4,3,3,5,1422.63,1.424
4,10.81,7.64,18.83,True,90.0,False,112.8,True,90.0,4,3,3,3,4,5,4,4,5,1433.63,1.414
2,12.83,8.1,14.77,False,84.72,False,100.72,False,105.67,4,3,3,2,5,5,6,4,5,1450.68,1.397
14,6.12,24.56,9.83,True,90.0,False,97.51,True,90.0,4,3,3,2,3,4,5,3,5,1464.85,1.383
9,9.25,11.08,14.89,True,90.0,False,100.12,True,90.0,4,3,3,2,5,5,3,3,5,1502.33,1.349
14,14.4,6.68,16.86,True,90.0,False,113.11,True,90.0,4,3,3,3,4,5,3,2,5,1491.65,1.359
33,7.71,17.71,20.83,True,90.0,True,90.0,True,90.0,8,3,3,3,5,5,4,3,5,2844.21,1.425
14,8.9,10.78,15.76,True,90.0,False,82.85,True,90.0,4,3,3,2,6,6,3,2,5,1500.29,1.351
4,9.45,4.68,18.04,True,90.0,False,117.57,True,90.0,2,3,3,2,6,5,5,4,5,707.24,1.433
14,16.82,8.68,21.17,True,90.0,False,103.65,True,90.0,8,3,3,2,5,5,4,3,5,3003.47,1.349
14,10.78,7.74,18.3,True,90.0,False,103.47,True,90.0,4,3,3,3,5,7,4,5,5,1484.9,1.365
33,9.39,9.82,16.27,True,90.0,True,90.0,True,90.0,4,3,3,2,6,6,3,1,5,1500.25,1.351
61,8.25,9.14,19.79,True,90.0,True,90.0,True,90.0,4,3,3,4,3,6,3,3,5,1492.26,1.358
4,8.45,8.51,20.51,True,90.0,False,101.03,True,90.0,4,3,3,1,6,6,4,3,5,1447.62,1.4
2,9.63,11.38,15.15,False,87.08,False,115.73,False,74.26,4,3,3,2,6,6,4,3,5,1412.07,1.435
4,8.94,9.33,17.7,True,90.0,False,92.81,True,90.0,4,3,3,2,5,4,4,3,5,1474.59,1.374
5,23.67,7.67,16.49,True,90.0,False,93.09,True,90.0,8,3,3,2,5,6,3,2,5,2989.39,1.356
15,27.51,8.93,12.83,True,90.0,False,113.84,True,90.0,8,3,3,2,4,5,3,5,5,2882.95,1.406
14,17.1,11.37,8.16,True,90.0,False,114.24,True,90.0,4,3,3,2,5,7,3,1,5,1446.65,1.401
4,10.17,11.43,6.99,True,90.0,False,115.77,True,90.0,2,3,3,4,3,5,4,3,5,731.73,1.385
14,13.7,14.86,7.6,True,90.0,False,106.36,True,90.0,4,3,3,1,6,6,5,4,5,1484.58,1.365
14,12.09,12.9,19.43,True,90.0,False,92.42,True,90.0,8,3,3,4,3,5,3,2,5,3027.62,1.339
4,19.59,5.18,14.44,True,90.0,False,92.75,True,90.0,4,3,3,4,3,4,3,1,5,1463.63,1.385
2,5.85,11.76,12.18,False,107.02,False,101.01,False,70.86,2,3,3,2,6,6,3,2,5,752.75,1.346
2,9.71,11.34,14.65,False,105.51,False,86.75,False,74.82,4,3,3,2,5,6,4,2,5,1486.16,1.364
61,8.1,28.04,13.1,True,90.0,True,90.0,True,90.0,8,3,3,1,6,6,4,1,5,2975.32,1.362
2,7.94,8.04,11.87,False,79.54,False,78.66,False,88.39,2,3,3,4,3,5,4,2,5,730.59,1.387
1,7.16,16.51,12.97,False,98.66,False,101.43,False,101.82,4,3,3,3,5,7,3,3,5,1441.44,1.406
15,12.14,11.07,10.72,True,90.0,False,99.69,True,90.0,4,3,3,3,4,5,6,5,5,1420.1,1.427
2,7.48,8.71,11.84,False,100.5,False,98.55,False,95.28,2,3,3,2,6,6,3,2,5,744.39,1.361
14,5.88,13.14,20.42,True,90.0,False,106.1,True,90.0,4,3,3,2,3,5,3,2,5,1515.84,1.337
4,13.58,13.32,8.54,True,90.0,False,113.33,True,90.0,4,3,3,2,5,7,2,1,5,1418.46,1.429
19,8.37,10.11,17.9,True,90.0,True,90.0,True,90.0,4,3,3,2,6,5,4,3,5,1514.71,1.338
19,6.08,12.4,20.06,True,90.0,True,90.0,True,90.0,4,3,3,4,3,4,4,3,5,1512.36,1.34
1,11.12,8.85,15.9,False,88.6,False,94.41,False,113.56,4,3,3,1,5,5,3,2,5,1430.04,1.417
61,15.18,8.62,22.63,True,90.0,True,90.0,True,90.0,8,3,3,2,5,6,4,3,5,2961.17,1.369
14,18.76,10.63,8.03,True,90.0,False,109.03,True,90.0,4,3,3,4,3,5,4,3,5,1513.82,1.339
14,10.8,13.86,10.98,True,90.0,False,112.9,True,90.0,4,3,3,3,5,6,4,3,5,1514.04,1.338
19,5.67,11.07,22.63,True,90.0,True,90.0,True,90.0,4,3,3,3,5,5,3,2,5,1420.41,1.427
14,9.72,6.86,25.15,True,90.0,False,116.87,True,90.0,4,3,3,2,6,7,3,2,5,1495.93,1.355
15,23.93,6.6,21.27,True,90.0,False,118.02,True,90.0,8,3,3,3,5,5,4,2,5,2965.57,1.367
4,11.6,5.81,11.56,True,90.0,False,111.61,True,90.0,2,3,3,2,5,8,3,2,5,724.34,1.399
2,6.77,15.22,14.35,False,100.58,False,92.33,False,95.25,4,3,3,4,4,5,3,5,5,1444.89,1.403
2,11.31,11.45,12.2,False,91.42,False,90.78,False,107.76,4,3,3,2,6,6,3,3,5,1503.77,1.348
15,17.14,9.68,20.64,True,90.0,False,118.99,True,90.0,8,3,3,4,3,5,3,3,5,2995.42,1.353
14,17.08,10.82,15.62,True,90.0,False,100.12,True,90.0,8,3,3,2,5,6,4,5,5,2841.75,1.426
14,13.85,12.75,19.45,True,90.0,False,117.98,True,90.0,8,3,3,4,4,5,4,3,5,3033.16,1.336
14,9.8,5.79,24.96,True,90.0,False,92.81,True,90.0,4,3,3,4,4,5,4,3,5,1414.58,1.433
14,8.9,17.86,18.01,True,90.0,False,96.43,True,90.0,8,3,3,2,5,6,3,2,5,2844.75,1.425
2,9.68,10.66,7.52,False,69.97,False,89.91,False,79.19,2,3,3,2,5,6,3,2,5,714.45,1.418
14,12.05,7.95,16.24,True,90.0,False,110.7,True,90.0,4,3,3,3,5,8,3,1,5,1455.32,1.392
33,8.5,8.22,21.7,True,90.0,True,90.0,True,90.0,4,3,3,3,5,6,4,4,5,1516.18,1.337
14,7.27,13.24,15.62,True,90.0,False,95.01,True,90.0,4,3,3,1,6,7,4,2,5,1497.76,1.353
2,6.1,8.36,15.62,False,86.62,False,107.61,False,100.34,2,3,3,2,5,5,5,5,5,746.89,1.357
15,15.51,9.29,22.08,True,90.0,False,111.33,True,90.0,8,3,3,4,4,5,4,3,5,2963.53,1.368
5,12.66,7.44,8.18,True,90.0,False,111.09,True,90.0,2,3,3,3,4,6,3,1,5,718.87,1.41
4,9.06,24.63,6.72,True,90.0,False,100.62,True,90.0,4,3,3,3,3,7,3,2,5,1473.87,1.375
14,9.68,8.03,19.39,True,90.0,False,93.41,True,90.0,4,3,3,3,5,7,5,3,5,1504.52,1.347
2,9.61,11.43,13.82,False,88.35,False,88.94,False,73.51,4,3,3,1,6,6,4,2,5,1454.9,1.393
33,12.73,12.31,18.82,True,90.0,True,90.0,True,90.0,8,3,3,4,5,6,3,4,5,2949.21,1.374
2,12.48,8.56,15.65,False,76.22,False,88.81,False,62.71,4,3,3,2,4,6,4,3,5,1435.43,1.412
19,6.05,10.04,24.15,True,90.0,True,90.0,True,90.0,4,3,3,2,6,6,4,4,5,1466.92,1.381
4,14.49,5.65,9.36,True,90.0,False,104.96,True,90.0,2,3,3,2,5,7,3,3,5,740.32,1.369
14,8.43,16.45,11.03,True,90.0,False,98.68,True,90.0,4,3,3,4,5,5,4,5,5,1512.05,1.34
5,15.32,8.27,12.73,True,90.0,False,116.68,True,90.0,4,3,3,3,5,6,3,3,5,1441.12,1.406
19,11.05,8.14,16.37,True,90.0,True,90.0,True,90.0,4,3,3,4,3,5,3,3,5,1472.43,1.376
2,10.19,10.8,14.12,False,87.26,False,81.42,False,79.15,4,3,3,2,5,7,3,1,5,1508.76,1.343
33,7.61,11.76,16.08,True,90.0,True,90.0,True,90.0,4,3,3,4,3,5,4,3,5,1439.06,1.408
1,15.57,11.26,9.36,False,98.76,False,111.34,False,93.85,4,3,3,3,3,6,3,2,5,1497.19,1.354
1,12.18,8.39,15.14,False,83.44,False,110.07,False,94.35,4,3,3,3,5,5,6,4,5,1442.58,1.405
14,19.84,11.26,13.92,True,90.0,False,111.14,True,90.0,8,3,3,3,4,6,4,2,5,2900.43,1.397
2,8.35,10.78,16.12,False,85.89,False,94.91,False,100.48,4,3,3,1,5,5,4,3,5,1419.24,1.428
4,15.4,10.89,9.3,True,90.0,False,110.19,True,90.0,4,3,3,3,5,6,4,3,5,1463.83,1.384
15,28.27,7.54,15.07,True,90.0,False,114.89,True,90.0,8,3,3,2,5,5,3,1,5,2913.9,1.391
15,17.54,8.72,10.1,True,90.0,False,105.12,True,90.0,4,3,3,2,5,5,5,3,5,1491.31,1.359
14,9.8,14.07,10.56,True,90.0,False,99.27,True,90.0,4,3,3,3,4,6,4,4,5,1437.06,1.41
19,6.02,11.08,21.17,True,90.0,True,90.0,True,90.0,4,3,3,3,5,5,5,4,5,1412.07,1.435
2,10.76,11.37,12.57,False,81.87,False,90.4,False,99.04,4,3,3,3,5,6,4,5,5,1503.28,1.348
19,7.25,19.25,10.42,True,90.0,True,90.0,True,90.0,4,3,3,3,3,5,4,3,5,1454.24,1.394
2,8.72,6.33,14.78,False,104.0,False,101.08,False,108.52,2,3,3,3,5,7,3,2,5,717.79,1.412
14,13.14,15.46,7.29,True,90.0,False,92.35,True,90.0,4,3,3,4,4,6,3,1,5,1479.68,1.37
5,15.18,10.4,9.4,True,90.0,False,96.25,True,90.0,4,3,3,3,5,6,3,3,5,1475.18,1.374
14,14.12,13.1,17.49,True,90.0,False,117.31,True,90.0,8,3,3,3,5,6,3,3,5,2874.56,1.41
1,8.32,10.3,18.36,False,99.54,False,102.28,False,102.69,4,3,3,3,4,5,4,4,5,1462.1,1.386
19,10.71,9.71,13.73,True,90.0,True,90.0,True,90.0,4,3,3,4,3,5,5,2,5,1427.84,1.419
5,19.05,9.21,16.89,True,90.0,False,105.77,True,90.0,8,3,3,1,6,5,4,3,5,2851.82,1.421
4,7.48,14.66,6.81,True,90.0,False,100.59,True,90.0,2,3,3,4,4,5,5,5,5,734.04,1.38
2,7.96,7.87,13.51,False,99.26,False,102.9,False,112.18,2,3,3,3,5,5,3,2,5,735.2,1.378
2,8.53,8.77,12.35,False,112.37,False,109.19,False,100.65,2,3,3,2,5,6,3,2,5,754.37,1.343
14,14.72,16.78,6.17,True,90.0,False,101.54,True,90.0,4,3,3,3,4,5,3,1,5,1493.19,1.357
19,5.21,11.23,25.25,True,90.0,True,90.0,True,90.0,4,3,3,2,5,6,5,5,5,1477.33,1.372
4,8.57,8.33,10.5,True,90.0,False,100.11,True,90.0,2,3,3,1,5,6,3,2,5,737.94,1.373
29,7.97,20.87,8.87,True,90.0,True,90.0,True,90.0,4,3,3,1,6,5,3,2,5,1475.38,1.374
2,9.24,7.04,12.14,False,103.83,False,94.23,False,101.75,2,3,3,2,5,5,3,2,5,744.49,1.361
4,11.4,6.41,21.1,True,90.0,False,111.22,True,90.0,4,3,3,1,6,7,3,3,5,1437.32,1.41
14,11.08,11.39,11.56,True,90.0,False,91.68,True,90.0,4,3,3,2,5,6,4,3,5,1458.26,1.39
2,6.66,7.95,15.94,False,111.12,False,103.65,False,100.31,2,3,3,2,5,5,4,4,5,731.88,1.384
4,6.87,7.55,13.73,True,90.0,False,94.37,True,90.0,2,3,3,3,5,6,3,3,5,710.08,1.427
1,9.84,12.72,24.44,False,100.63,False,98.42,False,101.63,8,3,3,4,5,6,4,2,5,2890.74,1.402
14,14.67,4.95,10.31,True,90.0,False,91.21,True,90.0,2,3,3,2,3,5,3,4,5,748.51,1.354
15,14.67,5.37,20.54,True,90.0,False,111.88,True,90.0,4,3,3,4,3,4,4,4,5,1501.54,1.35
4,16.37,7.19,14.16,True,90.0,False,117.74,True,90.0,4,3,3,1,6,6,3,2,5,1475.09,1.374
2,8.28,8.27,11.44,False,88.12,False,75.93,False,86.05,2,3,3,3,3,5,3,3,5,757.95,1.337
4,13.2,7.46,15.53,True,90.0,False,111.52,True,90.0,4,3,3,2,4,4,2,3,5,1422.66,1.424
14,13.04,8.5,13.71,True,90.0,False,106.67,True,90.0,4,3,3,3,3,6,4,3,5,1455.75,1.392
14,7.53,8.11,23.74,True,90.0,False,93.11,True,90.0,4,3,3,2,6,7,3,2,5,1447.63,1.4
5,16.46,7.93,22.2,True,90.0,False,96.24,True,90.0,8,3,3,4,4,6,4,4,5,2880.55,1.407
4,7.97,6.92,13.19,True,90.0,False,101.75,True,90.0,2,3,3,3,3,5,4,1,5,712.22,1.423
2,6.48,9.31,13.1,False,72.51,False,103.15,False,80.16,2,3,3,2,4,5,4,3,5,709.23,1.429
2,9.65,8.63,10.28,False,73.15,False,71.46,False,71.32,2,3,3,2,5,6,3,2,5,751.89,1.348
2,12.54,7.66,15.94,False,86.71,False,104.93,False,105.16,4,3,3,2,6,6,5,3,5,1427.88,1.419
2,9.4,9.24,8.78,False,86.81,False,78.16,False,80.76,2,3,3,2,5,7,3,2,5,736.48,1.376
2,11.11,10.54,12.91,False,85.0,False,98.25,False,101.16,4,3,3,3,3,6,3,2,5,1465.07,1.383
14,15.47,11.99,8.02,True,90.0,False,97.81,True,90.0,4,3,3,3,5,5,3,3,5,1473.79,1.375
2,8.51,8.29,11.74,False,66.45,False,78.0,False,71.21,2,3,3,4,3,5,3,3,5,715.79,1.416
14,12.29,12.91,10.07,True,90.0,False,114.93,True,90.0,4,3,3,2,5,5,3,3,5,1448.87,1.399
4,5.67,7.32,18.5,True,90.0,False,101.84,True,90.0,2,3,3,4,4,5,5,2,5,751.5,1.348
2,9.97,12.18,14.17,False,71.49,False,84.98,False,65.05,4,3,3,4,3,5,3,1,5,1477.28,1.372
14,11.04,16.25,9.02,True,90.0,False,111.93,True,90.0,4,3,3,3,4,6,3,3,5,1501.1,1.35
14,11.78,12.44,10.07,True,90.0,False,100.66,True,90.0,4,3,3,2,5,5,4,4,5,1450.22,1.397
1,6.91,7.48,15.34,False,113.14,False,96.08,False,92.95,2,3,3,3,4,5,5,4,5,721.22,1.405
33,10.31,11.28,24.57,True,90.0,True,90.0,True,90.0,8,3,3,3,5,6,2,2,5,2857.41,1.418
15,20.33,8.54,8.7,True,90.0,False,108.65,True,90.0,4,3,3,2,5,5,4,3,5,1431.16,1.416
2,11.7,8.63,15.97,False,86.11,False,85.03,False,70.2,4,3,3,2,5,5,4,4,5,1510.2,1.342
2,8.64,12.92,13.92,False,71.77,False,78.07,False,93.71,4,3,3,2,4,6,4,5,5,1429.94,1.417
4,10.48,6.59,11.54,True,90.0,False,110.12,True,90.0,2,3,3,2,5,5,3,1,5,748.35,1.354
9,9.33,15.81,10.34,True,90.0,False,111.53,True,90.0,4,3,3,4,3,5,3,2,5,1418.8,1.428
2,8.11,8.26,11.23,False,101.27,False,98.44,False,102.09,2,3,3,2,4,6,5,3,5,707.46,1.432
2,9.96,10.4,8.29,False,99.75,False,102.58,False,115.15,2,3,3,2,6,5,4,1,5,724.54,1.398
4,13.56,9.68,12.4,True,90.0,False,111.93,True,90.0,4,3,3,4,3,5,4,3,5,1509.86,1.342
14,8.89,11.56,29.21,True,90.0,False,91.17,True,90.0,8,3,3,3,5,6,4,4,5,3001.24,1.35
15,14.41,11.16,9.32,True,90.0,False,92.48,True,90.0,4,3,3,2,5,8,3,3,5,1497.4,1.353
14,8.4,7.65,22.45,True,90.0,False,91.42,True,90.0,4,3,3,4,5,8,3,3,5,1442.19,1.405
19,5.81,14.73,17.32,True,90.0,True,90.0,True,90.0,4,3,3,2,4,6,4,3,5,1482.27,1.367
2,5.89,8.68,16.98,False,112.69,False,103.42,False,100.58,2,3,3,2,5,7,3,2,5,742.09,1.365
15,24.38,8.94,7.39,True,90.0,False,117.12,True,90.0,4,3,3,3,3,6,4,3,5,1433.61,1.414
33,14.11,7.66,13.09,True,90.0,True,90.0,True,90.0,4,3,3,3,4,3,4,3,5,1414.8,1.432
4,17.51,11.6,7.92,True,90.0,False,109.96,True,90.0,4,3,3,4,4,5,3,3,5,1512.05,1.34
2,12.8,7.94,15.65,False,72.27,False,89.8,False,98.94,4,3,3,4,4,5,4,3,5,1494.4,1.356
14,16.12,19.05,10.48,True,90.0,False,117.44,True,90.0,8,3,3,2,6,6,3,2,5,2856.19,1.419
14,16.14,7.95,23.9,True,90.0,False,105.87,True,90.0,8,3,3,2,5,6,4,4,5,2949.79,1.374
2,7.37,12.55,16.51,False,86.96,False,72.1,False,79.12,4,3,3,1,5,6,4,3,5,1427.01,1.42
4,12.15,5.79,10.78,True,90.0,False,105.07,True,90.0,2,3,3,2,5,7,3,4,5,732.28,1.384
2,10.17,10.65,14.16,False,93.08,False,103.91,False,93.5,4,3,3,2,4,5,3,3,5,1482.22,1.367
14,9.22,5.81,13.47,True,90.0,False,93.3,True,90.0,2,3,3,2,6,7,5,5,5,720.37,1.407
14,8.15,19.16,18.65,True,90.0,False,98.57,True,90.0,8,3,3,2,5,5,5,5,5,2879.76,1.407
14,8.14,8.92,20.49,True,90.0,False,99.11,True,90.0,4,3,3,2,4,6,3,2,5,1468.99,1.38
2,12.14,10.75,12.17,False,85.9,False,115.55,False,92.67,4,3,3,2,5,6,4,3,5,1429.04,1.418
2,11.23,8.4,16.62,False,86.34,False,104.33,False,90.53,4,3,3,2,6,6,4,3,5,1515.88,1.337
2,8.51,9.17,12.18,False,105.5,False,104.12,False,115.88,2,3,3,2,5,6,3,1,5,749.4,1.352
2,10.57,13.73,10.77,False,70.19,False,80.68,False,76.34,4,3,3,2,4,5,5,5,5,1423.17,1.424
14,13.28,15.53,7.58,True,90.0,False,113.67,True,90.0,4,3,3,2,5,5,3,3,5,1431.77,1.415
2,8.41,7.97,13.0,False,113.1,False,94.39,False,106.24,2,3,3,3,4,4,4,5,5,752.2,1.347
2,9.94,10.2,7.51,False,71.83,False,84.83,False,80.02,2,3,3,1,6,6,4,2,5,711.98,1.423
14,13.92,5.95,18.13,True,90.0,False,100.93,True,90.0,4,3,3,2,5,6,4,3,5,1474.36,1.375
9,7.12,12.67,16.4,True,90.0,False,92.21,True,90.0,4,3,3,3,4,5,4,3,5,1478.35,1.371
2,8.51,12.55,16.01,False,110.6,False,101.2,False,102.07,4,3,3,2,4,4,5,5,5,1496.68,1.354
2,12.19,9.69,13.47,False,103.78,False,100.2,False,107.87,4,3,3,3,5,7,3,2,5,1415.85,1.431
14,6.62,3.93,29.03,True,90.0,False,91.3,True,90.0,2,3,3,2,5,8,3,3,5,755.07,1.342
14,7.55,4.9,20.48,True,90.0,False,101.08,True,90.0,2,3,3,4,4,5,5,4,5,743.53,1.363
2,9.81,11.57,14.42,False,99.82,False,112.19,False,93.35,4,3,3,4,3,5,4,3,5,1479.67,1.37
2,9.16,7.79,13.49,False,113.45,False,112.25,False,102.13,2,3,3,2,5,5,3,2,5,739.87,1.37
2,5.55,8.9,15.74,False,99.26,False,102.26,False,94.91,2,3,3,4,5,5,6,3,5,744.04,1.362
5,25.82,7.68,16.97,True,90.0,False,116.85,True,90.0,8,3,3,3,5,6,3,3,5,3002.32,1.35
2,9.41,9.43,11.46,False,113.36,False,110.47,False,106.87,2,3,3,4,3,6,3,1,5,758.12,1.337
1,9.26,9.54,10.19,False,113.51,False,109.29,False,99.25,2,3,3,2,5,6,2,3,5,733.27,1.382
2,11.83,11.84,20.76,False,86.47,False,86.99,False,80.67,8,3,3,2,5,6,3,2,5,2861.21,1.417
2,7.17,7.37,13.92,False,87.95,False,96.62,False,100.49,2,3,3,2,5,5,5,3,5,718.37,1.411
2,10.41,9.9,7.61,False,87.9,False,113.07,False,80.61,2,3,3,3,4,5,3,3,5,707.51,1.432
19,7.1,8.91,23.51,True,90.0,True,90.0,True,90.0,4,3,3,2,5,5,4,2,5,1487.27,1.363
14,17.93,8.73,20.85,True,90.0,False,111.74,True,90.0,8,3,3,2,4,7,5,2,5,3031.5,1.337
14,8.25,10.87,16.79,True,90.0,False,91.77,True,90.0,4,3,3,3,4,5,3,3,5,1504.97,1.347
2,9.55,6.62,13.58,False,93.32,False,114.96,False,105.76,2,3,3,4,3,5,4,3,5,734.31,1.38
2,10.52,8.5,17.06,False,92.26,False,96.56,False,98.48,4,3,3,2,4,5,3,2,5,1496.49,1.354
4,10.82,11.11,6.34,True,90.0,False,107.94,True,90.0,2,3,3,2,6,7,4,4,5,725.08,1.397
14,18.26,8.99,19.44,True,90.0,False,116.8,True,90.0,8,3,3,3,3,4,5,3,5,2848.44,1.423
14,9.49,10.8,15.22,True,90.0,False,107.41,True,90.0,4,3,3,3,5,7,3,2,5,1488.46,1.361
61,15.18,9.02,21.55,True,90.0,True,90.0,True,90.0,8,3,3,2,5,4,3,3,5,2950.7,1.374
2,7.19,11.66,17.07,False,88.6,False,86.66,False,93.56,4,3,3,2,5,4,5,3,5,1425.32,1.422
2,12.46,13.72,9.14,False,93.34,False,89.4,False,76.02,4,3,3,3,4,4,5,2,5,1513.15,1.339
1,7.33,12.25,17.51,False,100.78,False,92.83,False,102.95,4,3,3,3,4,5,5,3,5,1498.38,1.352
61,16.37,10.76,16.17,True,90.0,True,90.0,True,90.0,8,3,3,3,4,6,4,4,5,2848.2,1.423
14,9.49,8.57,18.52,True,90.0,False,101.19,True,90.0,4,3,3,4,4,5,3,3,5,1477.58,1.372
2,10.18,9.59,10.15,False,113.45,False,111.74,False,105.82,2,3,3,1,5,5,4,2,5,734.71,1.379
2,8.91,10.85,16.8,False,76.01,False,68.08,False,88.53,4,3,3,4,3,5,4,2,5,1458.24,1.39
19,13.6,10.72,20.57,True,90.0,True,90.0,True,90.0,8,3,3,4,4,5,4,3,5,2998.94,1.351
2,9.11,12.38,13.53,False,101.2,False,93.51,False,94.32,4,3,3,4,3,5,4,2,5,1488.13,1.362
2,14.84,10.85,11.1,False,99.59,False,104.68,False,113.12,4,3,3,1,6,6,4,3,5,1517.26,1.336
2,8.26,7.56,13.42,False,112.39,False,105.78,False,93.14,2,3,3,2,5,5,3,3,5,733.74,1.381
2,9.68,10.14,16.45,False,71.49,False,86.18,False,77.82,4,3,3,1,6,6,3,2,5,1496.66,1.354
33,9.88,7.16,20.77,True,90.0,True,90.0,True,90.0,4,3,3,2,6,6,4,4,5,1469.29,1.379
14,14.26,6.66,29.83,True,90.0,False,92.56,True,90.0,8,3,3,1,5,5,4,2,5,2830.18,1.432
15,6.5,18.29,23.9,True,90.0,False,86.84,True,90.0,8,3,3,4,4,5,4,5,5,2837.03,1.429
14,16.59,15.01,12.86,True,90.0,False,110.0,True,90.0,8,3,3,3,4,6,3,3,5,3009.22,1.347
9,9.65,9.06,16.63,True,90.0,False,97.04,True,90.0,4,3,3,2,5,5,6,5,5,1442.98,1.404
2,7.93,9.79,10.58,False,87.57,False,106.21,False,70.66,2,3,3,2,6,6,4,3,5,735.93,1.377
4,11.32,4.92,14.09,True,90.0,False,105.81,True,90.0,2,3,3,3,3,4,4,3,5,755.05,1.342
4,12.34,8.09,14.53,True,90.0,False,99.91,True,90.0,4,3,3,1,5,5,5,2,5,1428.9,1.418
15,15.55,8.13,24.52,True,90.0,False,104.67,True,90.0,8,3,3,4,3,5,5,2,5,2998.8,1.352
19,7.96,8.35,21.75,True,90.0,True,90.0,True,90.0,4,3,3,2,6,6,6,3,5,1445.64,1.402
2,9.4,14.55,12.14,False,113.47,False,95.59,False,100.85,4,3,3,2,5,6,4,2,5,1468.16,1.38
4,12.01,15.33,8.61,True,90.0,False,110.64,True,90.0,4,3,3,3,3,5,4,3,5,1483.47,1.366
14,20.34,20.69,6.88,True,90.0,False,101.05,True,90.0,8,3,3,4,2,5,4,2,5,2841.66,1.426
14,7.99,27.22,6.73,True,90.0,False,101.85,True,90.0,4,3,3,1,6,4,3,1,5,1432.5,1.415
2,9.38,9.87,18.31,False,87.99,False,83.51,False,63.25,4,3,3,2,5,6,4,2,5,1503.79,1.348
5,20.57,8.91,8.23,True,90.0,False,93.15,True,90.0,4,3,3,2,5,5,3,3,5,1506.1,1.346
2,6.63,12.42,18.35,False,89.99,False,101.41,False,90.01,4,3,3,1,6,6,5,3,5,1481.16,1.368
19,7.01,9.89,21.32,True,90.0,True,90.0,True,90.0,4,3,3,3,4,4,5,4,5,1478.09,1.371
19,6.59,8.74,26.07,True,90.0,True,90.0,True,90.0,4,3,3,4,3,6,2,1,5,1501.54,1.35
14,8.36,8.33,21.83,True,90.0,False,101.81,True,90.0,4,3,3,1,6,6,3,3,5,1488.03,1.362
2,14.01,11.72,10.56,False,112.5,False,111.66,False,78.68,4,3,3,2,6,6,5,5,5,1485.76,1.364
2,10.01,8.38,9.36,False,69.7,False,74.66,False,87.12,2,3,3,3,5,6,4,2,5,709.4,1.428
2,8.03,7.87,11.61,False,86.66,False,87.96,False,94.61,2,3,3,2,5,5,5,4,5,729.49,1.389
2,8.2,9.19,10.74,False,85.55,False,74.31,False,73.7,2,3,3,2,5,7,3,4,5,747.87,1.355
14,8.73,17.56,10.31,True,90.0,False,106.26,True,90.0,4,3,3,3,5,6,3,3,5,1517.29,1.336
2,7.41,13.21,15.31,False,86.92,False,82.84,False,75.14,4,3,3,2,5,5,3,2,5,1436.85,1.41
14,6.38,6.9,16.28,True,90.0,False,96.71,True,90.0,2,3,3,4,3,4,4,3,5,711.77,1.424
14,18.81,11.5,15.13,True,90.0,False,117.26,True,90.0,8,3,3,2,6,7,3,4,5,2909.35,1.393
2,17.69,11.61,7.82,False,94.01,False,103.35,False,112.97,4,3,3,2,5,6,4,3,5,1415.63,1.432
2,8.76,9.18,10.5,False,94.59,False,112.82,False,100.4,2,3,3,2,4,5,3,5,5,754.94,1.342
2,8.08,17.29,11.54,False,111.55,False,99.22,False,101.32,4,3,3,2,4,5,3,4,5,1421.8,1.425
4,9.48,6.57,12.1,True,90.0,False,104.99,True,90.0,2,3,3,2,5,7,3,3,5,727.99,1.392
2,12.29,7.89,16.73,False,88.23,False,75.87,False,73.8,4,3,3,4,4,6,4,2,5,1509.52,1.342
14,9.14,10.12,8.15,True,90.0,False,101.42,True,90.0,2,3,3,3,5,5,5,2,5,738.92,1.371
14,6.8,16.66,14.03,True,90.0,False,111.51,True,90.0,4,3,3,2,6,7,4,2,5,1478.73,1.37
14,13.07,6.17,20.9,True,90.0,False,119.36,True,90.0,4,3,3,1,6,5,5,2,5,1468.93,1.38
15,11.7,18.37,13.78,True,90.0,False,91.57,True,90.0,8,3,3,2,5,6,5,3,5,2960.61,1.369
61,11.96,13.26,18.36,True,90.0,True,90.0,True,90.0,8,3,3,3,5,7,3,3,5,2911.71,1.392
2,9.9,11.19,15.01,False,110.63,False,99.26,False,72.53,4,3,3,3,5,5,6,4,5,1481.58,1.368
4,7.52,7.06,15.34,True,90.0,False,111.83,True,90.0,2,3,3,2,5,7,3,2,5,756.02,1.34
14,5.16,9.63,28.9,True,90.0,False,98.92,True,90.0,4,3,3,2,5,6,4,2,5,1418.7,1.428
5,12.1,11.62,20.15,True,90.0,False,91.56,True,90.0,8,3,3,2,5,7,3,3,5,2832.08,1.431
4,9.67,7.31,21.39,True,90.0,False,92.63,True,90.0,4,3,3,2,5,4,4,1,5,1510.42,1.342
2,4.51,10.88,15.47,False,86.49,False,85.04,False,81.14,2,3,3,3,5,5,3,3,5,746.34,1.358
2,10.15,10.95,9.56,False,112.48,False,112.56,False,112.74,2,3,3,2,5,6,3,1,5,707.82,1.432
4,10.12,16.2,9.71,True,90.0,False,110.44,True,90.0,4,3,3,4,4,5,3,3,5,1491.67,1.359
2,8.0,7.83,13.97,False,112.2,False,103.31,False,102.47,2,3,3,4,5,5,4,3,5,742.55,1.365
2,8.7,7.58,11.6,False,101.71,False,89.18,False,80.35,2,3,3,3,4,7,3,4,5,737.53,1.374
14,10.99,8.7,16.38,True,90.0,False,108.89,True,90.0,4,3,3,4,4,6,4,3,5,1481.79,1.368
19,11.06,11.39,23.49,True,90.0,True,90.0,True,90.0,8,3,3,4,4,5,3,2,5,2959.12,1.37
2,6.62,16.44,14.2,False,99.02,False,96.38,False,95.34,4,3,3,3,4,7,3,4,5,1507.22,1.345
2,11.85,8.41,16.38,False,85.42,False,90.14,False,66.38,4,3,3,1,5,5,4,2,5,1489.81,1.36
14,7.22,14.29,14.54,True,90.0,False,91.34,True,90.0,4,3,3,2,5,7,3,2,5,1499.74,1.351
14,14.01,7.65,16.12,True,90.0,False,120.0,True,90.0,4,3,3,1,6,6,4,3,5,1496.22,1.354
14,16.33,6.84,13.7,True,90.0,False,104.44,True,90.0,4,3,3,3,5,4,4,3,5,1481.91,1.368
2,7.69,9.67,10.8,False,71.22,False,86.34,False,93.44,2,3,3,2,5,5,3,1,5,756.04,1.34
2,6.09,8.1,14.75,False,87.54,False,85.7,False,78.44,2,3,3,2,6,6,4,4,5,710.55,1.426
14,6.36,11.12,21.68,True,90.0,False,104.01,True,90.0,4,3,3,4,4,5,5,3,5,1487.67,1.362
14,16.25,8.91,20.66,True,90.0,False,92.4,True,90.0,8,3,3,3,5,5,4,3,5,2988.69,1.356
4,5.89,14.11,8.6,True,90.0,False,97.36,True,90.0,2,3,3,4,3,5,3,3,5,708.84,1.429
2,9.31,7.67,11.71,False,85.66,False,79.24,False,66.05,2,3,3,4,4,6,4,3,5,750.75,1.35
5,25.68,7.0,16.95,True,90.0,False,105.8,True,90.0,8,3,3,2,5,6,4,2,5,2931.81,1.382
19,9.94,12.83,22.43,True,90.0,True,90.0,True,90.0,8,3,3,1,5,6,4,2,5,2860.5,1.417
14,15.39,15.21,6.4,True,90.0,False,104.53,True,90.0,4,3,3,3,4,6,4,2,5,1450.21,1.397
2,8.75,9.1,19.43,False,100.92,False,92.1,False,103.01,4,3,3,3,4,5,4,2,5,1475.01,1.374
2,9.5,7.5,13.07,False,112.46,False,113.15,False,95.65,2,3,3,2,5,5,3,1,5,756.67,1.339
9,8.43,13.17,13.86,True,90.0,False,100.53,True,90.0,4,3,3,4,4,5,3,3,5,1512.87,1.34
4,5.03,10.46,13.97,True,90.0,False,97.66,True,90.0,2,3,3,4,5,7,3,2,5,728.46,1.391
14,15.43,14.76,6.96,True,90.0,False,113.69,True,90.0,4,3,3,3,4,6,3,3,5,1451.54,1.396
61,7.88,16.13,23.69,True,90.0,True,90.0,True,90.0,8,3,3,2,3,7,4,1,5,3011.1,1.346
14,4.42,12.96,12.95,True,90.0,False,101.06,True,90.0,2,3,3,2,6,5,3,4,5,728.04,1.392
15,27.73,8.79,13.93,True,90.0,False,117.83,True,90.0,8,3,3,2,4,4,4,3,5,3002.67,1.35
14,12.74,17.41,7.21,True,90.0,False,110.17,True,90.0,4,3,3,3,4,4,3,3,5,1501.13,1.35
2,9.76,9.62,9.41,False,72.25,False,88.37,False,65.0,2,3,3,3,4,5,4,4,5,757.44,1.338
14,10.72,16.73,18.95,True,90.0,False,118.84,True,90.0,8,3,3,2,6,6,3,2,5,2977.07,1.361
2,7.69,7.92,13.03,False,85.43,False,79.18,False,106.47,2,3,3,2,4,5,4,3,5,740.02,1.369
29,7.21,11.71,17.68,True,90.0,True,90.0,True,90.0,4,3,3,3,5,6,3,3,5,1492.71,1.358
14,22.67,8.54,15.07,True,90.0,False,91.17,True,90.0,8,3,3,2,5,8,3,2,5,2916.97,1.389
61,10.17,11.97,24.88,True,90.0,True,90.0,True,90.0,8,3,3,4,3,5,4,2,5,3028.76,1.338
14,10.0,7.95,19.7,True,90.0,False,104.59,True,90.0,4,3,3,4,3,5,4,3,5,1515.65,1.337
14,9.68,9.91,8.28,True,90.0,False,112.5,True,90.0,2,3,3,4,4,5,3,1,5,733.83,1.381
4,9.29,10.06,7.84,True,90.0,False,103.95,True,90.0,2,3,3,3,4,5,2,1,5,711.1,1.425
1,17.94,10.63,8.78,False,90.66,False,111.9,False,107.74,4,3,3,1,5,5,3,1,5,1464.75,1.384
4,7.39,7.76,14.06,True,90.0,False,111.77,True,90.0,2,3,3,4,4,5,3,4,5,748.79,1.353
5,12.03,8.93,13.76,True,90.0,False,103.61,True,90.0,4,3,3,2,5,6,5,4,5,1436.7,1.411
2,7.72,9.85,12.01,False,111.35,False,104.8,False,107.61,2,3,3,1,6,6,3,2,5,738.79,1.372
19,5.15,12.19,24.08,True,90.0,True,90.0,True,90.0,4,3,3,3,5,6,5,3,5,1511.71,1.341
2,8.71,10.31,17.48,False,110.56,False,74.94,False,99.95,4,3,3,2,4,6,4,3,5,1413.46,1.434
2,6.42,7.5,16.09,False,85.43,False,69.77,False,86.61,2,3,3,4,4,5,6,2,5,724.22,1.399
15,15.33,10.18,9.52,True,90.0,False,100.01,True,90.0,4,3,3,4,3,5,3,2,5,1463.07,1.385
14,18.19,6.64,25.6,True,90.0,False,103.87,True,90.0,8,3,3,3,4,5,6,5,5,3001.85,1.35
2,5.95,12.52,22.64,False,87.46,False,113.39,False,102.48,4,3,3,2,4,5,4,2,5,1509.76,1.342
2,10.12,9.49,8.7,False,98.9,False,114.45,False,101.62,2,3,3,2,5,6,3,2,5,717.97,1.411
4,8.86,10.33,8.26,True,90.0,False,93.65,True,90.0,2,3,3,2,5,7,3,2,5,754.45,1.343
14,7.85,10.73,17.69,True,90.0,False,80.05,True,90.0,4,3,3,2,5,5,4,3,5,1467.63,1.381
5,11.91,7.33,17.13,True,90.0,False,103.7,True,90.0,4,3,3,3,5,6,3,3,5,1452.91,1.395
14,12.3,8.01,17.44,True,90.0,False,119.01,True,90.0,4,3,3,4,4,5,1,1,5,1502.66,1.349
14,12.1,18.46,6.64,True,90.0,False,97.88,True,90.0,4,3,3,3,5,6,3,3,5,1469.15,1.379
5,12.38,11.62,20.45,True,90.0,False,100.77,True,90.0,8,3,3,1,6,6,5,2,5,2890.03,1.402
2,9.0,7.87,10.35,False,91.79,False,101.79,False,94.35,2,3,3,2,4,7,2,2,5,714.74,1.418
2,8.84,8.12,11.54,False,111.95,False,93.74,False,100.67,2,3,3,2,6,6,3,3,5,746.76,1.357
14,6.75,12.02,18.48,True,90.0,False,96.6,True,90.0,4,3,3,3,3,4,4,3,5,1489.44,1.361
19,5.69,9.45,27.36,True,90.0,True,90.0,True,90.0,4,3,3,4,3,7,3,2,5,1471.16,1.378
2,6.83,8.89,12.26,False,76.32,False,83.85,False,82.62,2,3,3,2,5,6,5,3,5,715.02,1.417
2,9.36,6.2,12.71,False,100.41,False,97.35,False,90.79,2,3,3,2,5,5,3,4,5,718.97,1.409
2,9.6,8.29,11.17,False,65.64,False,77.88,False,69.73,2,3,3,3,3,6,2,4,5,757.32,1.338
14,12.24,16.16,8.21,True,90.0,False,112.1,True,90.0,4,3,3,2,6,5,3,3,5,1504.61,1.347
61,11.13,12.91,21.11,True,90.0,True,90.0,True,90.0,8,3,3,2,4,6,3,2,5,3033.26,1.336
2,8.35,10.94,17.33,False,93.31,False,94.95,False,106.96,4,3,3,4,3,5,4,2,5,1502.86,1.348
2,10.79,10.57,13.09,False,87.54,False,96.23,False,93.71,4,3,3,2,6,5,3,2,5,1480.02,1.369
33,26.91,9.59,11.46,True,90.0,True,90.0,True,90.0,8,3,3,4,5,7,3,3,5,2957.45,1.37
4,7.67,6.34,15.06,True,90.0,False,97.28,True,90.0,2,3,3,2,5,6,4,4,5,726.43,1.395
2,8.92,12.17,14.42,False,71.19,False,84.47,False,88.17,4,3,3,2,5,5,4,3,5,1474.88,1.374
61,16.33,8.01,21.84,True,90.0,True,90.0,True,90.0,8,3,3,4,3,4,3,3,5,2856.74,1.419
2,8.95,12.98,14.29,False,75.96,False,75.91,False,65.79,4,3,3,3,6,6,2,2,5,1449.27,1.398
14,16.03,7.02,25.73,True,90.0,False,97.13,True,90.0,8,3,3,2,3,6,3,1,5,2873.02,1.411
15,25.05,8.96,12.6,True,90.0,False,93.2,True,90.0,8,3,3,2,5,6,5,3,5,2823.64,1.435
14,12.73,5.28,22.81,True,90.0,False,103.84,True,90.0,4,3,3,1,5,6,4,2,5,1488.65,1.361
14,5.38,16.43,17.25,True,90.0,False,99.75,True,90.0,4,3,3,3,4,5,3,5,5,1502.76,1.349
4,10.13,16.42,10.08,True,90.0,False,116.19,True,90.0,4,3,3,2,4,5,4,2,5,1504.52,1.347
4,10.51,10.02,13.52,True,90.0,False,93.08,True,90.0,4,3,3,4,3,5,3,3,5,1421.74,1.425
14,10.12,8.25,20.44,True,90.0,False,118.25,True,90.0,4,3,3,2,6,7,2,2,5,1503.27,1.348
2,7.72,11.49,17.2,False,73.18,False,85.63,False,85.78,4,3,3,2,6,7,3,1,5,1454.05,1.394
15,29.07,5.92,17.94,True,90.0,False,104.85,True,90.0,8,3,3,2,5,6,4,2,5,2984.26,1.358
2,7.5,21.04,10.38,False,100.62,False,97.18,False,108.35,4,3,3,4,3,4,5,4,5,1498.36,1.352
61,9.39,12.85,23.49,True,90.0,True,90.0,True,90.0,8,3,3,3,4,4,3,4,5,2834.34,1.43
4,10.04,7.88,18.41,True,90.0,False,84.65,True,90.0,4,3,3,2,5,5,4,3,5,1450.17,1.397
14,7.78,24.7,8.21,True,90.0,False,108.64,True,90.0,4,3,3,3,4,5,3,3,5,1494.93,1.356
2,9.71,5.83,15.9,False,104.79,False,103.67,False,112.4,2,3,3,2,5,6,3,3,5,746.47,1.357
15,25.02,6.17,19.85,True,90.0,False,106.24,True,90.0,8,3,3,2,5,6,3,2,5,2942.04,1.378
2,13.31,13.15,16.9,False,86.45,False,81.49,False,80.23,8,3,3,1,6,6,4,4,5,2880.9,1.407
5,12.75,11.83,10.33,True,90.0,False,104.23,True,90.0,4,3,3,2,5,5,3,3,5,1510.29,1.342
4,8.55,6.09,13.76,True,90.0,False,95.66,True,90.0,2,3,3,3,4,6,3,3,5,712.98,1.421
33,6.31,13.9,16.94,True,90.0,True,90.0,True,90.0,4,3,3,2,6,5,5,2,5,1485.79,1.364
1,7.88,9.62,19.92,False,100.28,False,94.14,False,94.01,4,3,3,4,3,6,3,1,5,1476.64,1.372
15,15.19,8.22,24.29,True,90.0,False,92.24,True,90.0,8,3,3,3,5,7,4,2,5,3030.58,1.337
15,16.78,10.78,8.94,True,90.0,False,114.32,True,90.0,4,3,3,4,4,4,5,3,5,1473.64,1.375
29,11.45,12.1,21.73,True,90.0,True,90.0,True,90.0,8,3,3,1,6,5,4,2,5,3010.58,1.346
2,6.93,6.36,17.5,False,99.33,False,101.34,False,101.28,2,3,3,2,5,5,5,3,5,725.33,1.397
4,6.22,7.15,16.79,True,90.0,False,100.05,True,90.0,2,3,3,3,4,5,3,3,5,735.24,1.378
2,10.72,7.71,9.78,False,93.94,False,109.78,False,100.55,2,3,3,2,4,6,4,2,5,740.28,1.369
14,17.01,10.59,8.61,True,90.0,False,104.07,True,90.0,4,3,3,3,3,5,4,3,5,1504.44,1.347
4,7.0,18.51,5.51,True,90.0,False,97.16,True,90.0,2,3,3,4,3,5,3,5,5,708.36,1.43
33,20.69,8.93,16.01,True,90.0,True,90.0,True,90.0,8,3,3,2,5,6,3,2,5,2958.03,1.37
2,7.64,10.05,10.14,False,93.53,False,99.97,False,108.03,2,3,3,2,4,6,3,3,5,723.62,1.4
15,17.49,8.3,19.54,True,90.0,False,92.92,True,90.0,8,3,3,4,3,5,4,3,5,2832.88,1.431
1,6.93,12.44,17.04,False,100.52,False,91.09,False,95.64,4,3,3,4,3,5,3,1,5,1436.29,1.411
19,7.21,14.83,13.88,True,90.0,True,90.0,True,90.0,4,3,3,2,6,6,4,2,5,1484.11,1.365
2,6.02,8.02,15.79,False,86.94,False,81.04,False,93.44,2,3,3,1,6,8,3,1,5,750.17,1.351
2,9.54,6.5,11.79,False,79.19,False,88.74,False,80.27,2,3,3,3,4,6,4,3,5,707.76,1.432
14,11.98,4.95,25.21,True,90.0,False,91.14,True,90.0,4,3,3,3,5,6,3,1,5,1494.68,1.356
2,9.39,11.51,8.96,False,115.84,False,112.91,False,102.28,2,3,3,4,4,5,3,1,5,712.32,1.422
19,7.64,12.73,29.52,True,90.0,True,90.0,True,90.0,8,3,3,3,3,5,3,3,5,2871.03,1.412
14,9.91,5.05,29.53,True,90.0,False,92.28,True,90.0,4,3,3,4,3,7,3,2,5,1476.67,1.372
5,24.1,8.97,6.97,True,90.0,False,102.71,True,90.0,4,3,3,3,5,5,3,3,5,1469.83,1.379
15,12.87,15.97,16.09,True,90.0,False,118.98,True,90.0,8,3,3,2,4,5,4,3,5,2892.96,1.401
14,9.58,12.01,13.25,True,90.0,False,100.86,True,90.0,4,3,3,2,6,5,4,4,5,1497.19,1.354
1,5.62,15.35,17.65,False,85.5,False,90.97,False,76.95,4,3,3,2,5,7,3,3,5,1477.77,1.371
5,26.16,6.07,10.43,True,90.0,False,113.66,True,90.0,4,3,3,3,3,4,4,2,5,1516.98,1.336
2,6.86,10.26,21.09,False,99.26,False,78.45,False,87.97,4,3,3,4,4,4,5,2,5,1431.86,1.415
2,6.42,10.4,13.13,False,112.57,False,101.18,False,101.17,2,3,3,2,6,5,4,2,5,758.57,1.336
2,8.42,8.73,10.85,False,84.09,False,100.49,False,107.87,2,3,3,2,5,7,5,2,5,745.44,1.359
15,16.56,18.79,10.19,True,90.0,False,114.45,True,90.0,8,3,3,3,4,4,4,5,5,2886.4,1.404
5,11.78,7.32,18.32,True,90.0,False,106.97,True,90.0,4,3,3,2,5,7,2,3,5,1510.94,1.341
2,7.69,8.3,11.51,False,88.61,False,92.78,False,89.6,2,3,3,2,6,6,4,4,5,733.54,1.381
14,14.65,5.87,18.05,True,90.0,False,108.07,True,90.0,4,3,3,4,4,6,5,5,5,1475.66,1.373
15,15.08,6.73,29.26,True,90.0,False,96.14,True,90.0,8,3,3,4,4,5,6,4,5,2952.52,1.373
14,10.22,6.64,21.59,True,90.0,False,91.55,True,90.0,4,3,3,2,5,5,5,2,5,1464.58,1.384
2,9.55,9.58,8.56,False,96.09,False,100.82,False,107.81,2,3,3,2,5,6,3,2,5,721.08,1.405
4,8.82,10.86,15.82,True,90.0,False,102.06,True,90.0,4,3,3,1,5,6,5,4,5,1481.88,1.368
4,9.54,15.32,5.34,True,90.0,False,104.19,True,90.0,2,3,3,4,4,4,3,1,5,756.64,1.339
5,11.96,16.48,7.67,True,90.0,False,108.66,True,90.0,4,3,3,2,5,5,3,3,5,1432.3,1.415
14,14.22,21.06,10.05,True,90.0,False,97.27,True,90.0,8,3,3,3,3,7,3,1,5,2985.51,1.358
4,8.42,10.07,10.11,True,90.0,False,118.23,True,90.0,2,3,3,2,6,6,3,2,5,755.26,1.342
2,12.6,11.57,10.55,False,88.46,False,76.27,False,78.71,4,3,3,3,5,5,4,4,5,1464.83,1.383
2,10.86,13.89,10.32,False,86.4,False,112.06,False,85.49,4,3,3,3,5,4,4,3,5,1431.09,1.416
14,10.78,8.68,16.74,True,90.0,False,114.92,True,90.0,4,3,3,2,5,5,3,3,5,1420.53,1.427
14,8.47,23.7,14.65,True,90.0,False,96.03,True,90.0,8,3,3,4,4,5,5,5,5,2924.55,1.386
2,8.36,10.22,9.82,False,86.76,False,113.7,False,108.0,2,3,3,2,4,4,5,5,5,728.44,1.391
2,10.35,11.94,14.33,False,87.35,False,117.94,False,105.3,4,3,3,1,6,6,4,3,5,1502.78,1.349
14,12.3,5.03,25.05,True,90.0,False,105.93,True,90.0,4,3,3,1,5,4,5,2,5,1490.3,1.36
15,20.98,6.83,19.88,True,90.0,False,92.24,True,90.0,8,3,3,2,4,5,5,4,5,2846.5,1.424
33,12.84,9.22,25.32,True,90.0,True,90.0,True,90.0,8,3,3,2,5,5,3,2,5,2997.5,1.352
2,11.06,11.32,14.53,False,71.02,False,71.51,False,64.24,4,3,3,2,4,5,5,5,5,1515.93,1.337
2,8.23,9.35,9.56,False,87.02,False,76.22,False,94.7,2,3,3,3,5,5,4,5,5,710.12,1.427
15,13.39,7.39,30.0,True,90.0,False,92.49,True,90.0,8,3,3,3,3,5,5,3,5,2965.76,1.367
2,6.48,10.92,10.8,False,101.67,False,98.95,False,95.53,2,3,3,3,4,5,5,3,5,732.83,1.383
15,24.97,8.63,15.14,True,90.0,False,118.36,True,90.0,8,3,3,1,6,5,5,3,5,2870.97,1.412
2,6.79,8.32,13.12,False,86.12,False,77.97,False,79.67,2,3,3,2,6,6,4,2,5,712.8,1.422
2,15.37,12.99,15.96,False,105.06,False,91.92,False,107.12,8,3,3,2,5,5,4,4,5,2919.77,1.388
2,10.43,9.08,8.32,False,72.55,False,78.29,False,80.52,2,3,3,2,5,7,2,2,5,731.47,1.385
2,11.8,10.29,12.63,False,85.98,False,104.78,False,92.97,4,3,3,2,6,6,5,2,5,1478.25,1.371
2,12.06,5.44,12.44,False,92.27,False,103.17,False,106.93,2,3,3,2,5,7,3,2,5,755.3,1.342
14,6.49,11.83,19.32,True,90.0,False,91.43,True,90.0,4,3,3,3,4,5,3,2,5,1482.86,1.367
4,12.06,8.09,15.94,True,90.0,False,113.14,True,90.0,4,3,3,4,3,5,3,3,5,1430.07,1.417
33,15.53,14.4,6.71,True,90.0,True,90.0,True,90.0,4,3,3,2,5,6,4,3,5,1500.57,1.351
33,21.53,10.71,6.13,True,90.0,True,90.0,True,90.0,4,3,3,4,3,4,3,1,5,1413.49,1.434
4,17.0,6.53,13.61,True,90.0,False,101.31,True,90.0,4,3,3,3,5,5,4,1,5,1481.51,1.368
15,18.46,8.54,19.88,True,90.0,False,104.47,True,90.0,8,3,3,2,6,7,4,2,5,3034.63,1.336
2,7.1,6.66,15.58,False,86.8,False,84.53,False,89.99,2,3,3,2,5,5,4,3,5,732.21,1.384
4,9.93,16.55,9.13,True,90.0,False,101.38,True,90.0,4,3,3,3,5,5,3,1,5,1470.94,1.378
33,6.82,11.31,19.67,True,90.0,True,90.0,True,90.0,4,3,3,3,4,5,3,2,5,1517.23,1.336
14,18.71,16.39,10.01,True,90.0,False,105.95,True,90.0,8,3,3,3,5,6,3,3,5,2951.46,1.373
14,10.6,8.15,19.12,True,90.0,False,118.29,True,90.0,4,3,3,4,4,5,4,3,5,1454.49,1.393
2,8.22,10.48,18.52,False,100.51,False,97.47,False,101.58,4,3,3,3,4,6,3,3,5,1513.55,1.339
14,9.17,11.43,28.75,True,90.0,False,99.51,True,90.0,8,3,3,3,5,7,5,4,5,2971.96,1.364
5,20.85,8.46,19.37,True,90.0,False,118.81,True,90.0,8,3,3,2,6,7,3,2,5,2993.78,1.354
61,11.23,11.42,23.12,True,90.0,True,90.0,True,90.0,8,3,3,4,4,5,5,3,5,2965.06,1.367
4,15.53,10.37,9.09,True,90.0,False,95.52,True,90.0,4,3,3,2,5,6,5,4,5,1457.12,1.391
14,11.67,26.81,4.82,True,90.0,False,103.11,True,90.0,4,3,3,2,4,4,3,2,5,1468.74,1.38
2,8.38,5.84,15.49,False,102.14,False,87.17,False,92.91,2,3,3,2,4,6,3,2,5,739.58,1.37
14,15.65,5.96,16.12,True,90.0,False,108.43,True,90.0,4,3,3,4,3,6,5,5,5,1426.46,1.421
4,4.78,7.05,21.71,True,90.0,False,89.46,True,90.0,2,3,3,2,5,5,4,3,5,731.57,1.385
2,7.03,7.45,14.26,False,86.13,False,96.7,False,95.33,2,3,3,2,5,6,6,4,5,737.33,1.374
2,8.28,7.64,13.22,False,112.53,False,77.95,False,80.88,2,3,3,2,6,6,4,4,5,728.64,1.391
5,26.97,6.47,17.02,True,90.0,False,105.14,True,90.0,8,3,3,3,3,4,4,3,5,2866.84,1.414
2,8.08,11.01,17.2,False,83.97,False,87.97,False,77.51,4,3,3,1,6,5,4,2,5,1485.52,1.364
4,13.41,14.48,8.13,True,90.0,False,109.93,True,90.0,4,3,3,2,5,6,3,2,5,1484.11,1.365
2,9.5,12.43,14.01,False,76.44,False,74.22,False,74.81,4,3,3,4,3,5,6,2,5,1512.49,1.34
2,12.15,10.3,11.88,False,85.62,False,100.87,False,85.5,4,3,3,3,4,6,4,3,5,1449.22,1.398
2,10.41,7.63,10.57,False,74.78,False,76.07,False,69.12,2,3,3,4,3,5,4,3,5,746.76,1.357
2,9.01,8.77,10.91,False,100.31,False,104.41,False,114.11,2,3,3,3,5,6,3,2,5,722.7,1.402
33,12.14,13.46,8.76,True,90.0,True,90.0,True,90.0,4,3,3,4,2,4,3,4,5,1431.42,1.416
15,16.46,9.08,9.75,True,90.0,False,102.39,True,90.0,4,3,3,4,3,4,3,1,5,1423.27,1.424
4,10.49,4.99,14.82,True,90.0,False,112.72,True,90.0,2,3,3,3,4,7,3,2,5,715.56,1.416
2,13.17,11.39,10.98,False,85.82,False,73.35,False,65.07,4,3,3,4,4,5,4,3,5,1428.8,1.418
2,13.34,9.34,13.88,False,106.18,False,103.56,False,107.44,4,3,3,4,4,5,4,4,5,1486.06,1.364
4,10.88,7.67,9.58,True,90.0,False,112.5,True,90.0,2,3,3,1,5,5,3,2,5,738.59,1.372
15,25.84,9.17,13.75,True,90.0,False,115.51,True,90.0,8,3,3,3,3,5,3,3,5,2940.47,1.378
2,7.72,7.7,14.75,False,105.41,False,105.29,False,107.51,2,3,3,3,4,6,4,3,5,747.68,1.355
5,17.69,11.16,15.05,True,90.0,False,90.05,True,90.0,8,3,3,4,3,4,4,3,5,2971.18,1.364
14,13.36,19.56,5.98,True,90.0,False,110.63,True,90.0,4,3,3,3,5,7,3,3,5,1462.5,1.386
2,15.62,11.31,16.69,False,89.18,False,84.69,False,79.5,8,3,3,3,5,6,5,3,5,2886.67,1.404
2,6.5,7.58,16.49,False,111.84,False,95.6,False,94.09,2,3,3,3,4,5,4,2,5,745.44,1.359
15,20.38,11.6,6.95,True,90.0,False,113.59,True,90.0,4,3,3,2,5,5,3,2,5,1505.73,1.346
14,9.45,12.22,12.41,True,90.0,False,90.13,True,90.0,4,3,3,3,4,4,5,3,5,1433.09,1.414
9,22.59,10.96,5.94,True,90.0,False,97.75,True,90.0,4,3,3,3,4,5,3,3,5,1457.23,1.391
14,13.21,12.74,17.15,True,90.0,False,88.39,True,90.0,8,3,3,3,3,5,4,1,5,2885.13,1.405
14,13.05,10.17,22.3,True,90.0,False,106.47,True,90.0,8,3,3,4,3,5,3,3,5,2838.18,1.428
61,11.55,12.56,19.71,True,90.0,True,90.0,True,90.0,8,3,3,2,5,7,5,2,5,2859.29,1.418
19,6.78,7.83,28.24,True,90.0,True,90.0,True,90.0,4,3,3,3,4,6,3,5,5,1499.19,1.352
29,11.67,7.89,16.22,True,90.0,True,90.0,True,90.0,4,3,3,3,5,7,3,3,5,1493.48,1.357
2,12.69,5.85,12.01,False,100.04,False,115.13,False,107.33,2,3,3,3,5,6,3,1,5,722.36,1.403
2,9.3,8.94,10.76,False,76.82,False,74.39,False,112.32,2,3,3,3,4,6,4,3,5,740.29,1.369
2,10.44,8.58,16.38,False,99.58,False,97.27,False,93.32,4,3,3,4,3,6,3,1,5,1430.46,1.417
2,6.42,9.71,12.5,False,87.48,False,79.77,False,69.72,2,3,3,1,6,5,3,2,5,719.17,1.409
14,23.45,7.71,17.65,True,90.0,False,113.6,True,90.0,8,3,3,4,3,6,4,2,5,2924.22,1.386
15,16.33,8.94,9.85,True,90.0,False,91.32,True,90.0,4,3,3,2,5,7,4,2,5,1437.62,1.41
5,14.89,12.75,7.8,True,90.0,False,93.03,True,90.0,4,3,3,2,5,5,4,3,5,1478.74,1.37
33,14.4,9.63,21.51,True,90.0,True,90.0,True,90.0,8,3,3,2,4,4,5,5,5,2982.83,1.359
15,12.4,15.9,15.59,True,90.0,False,113.09,True,90.0,8,3,3,4,3,5,3,1,5,2827.49,1.433
5,6.57,9.92,22.83,True,90.0,False,92.39,True,90.0,4,3,3,2,6,6,4,2,5,1486.64,1.363
33,6.68,7.69,28.51,True,90.0,True,90.0,True,90.0,4,3,3,2,5,5,4,3,5,1464.54,1.384
14,15.05,6.11,15.47,True,90.0,False,95.88,True,90.0,4,3,3,3,3,6,3,3,5,1415.07,1.432
1,10.41,7.94,19.23,False,91.53,False,96.05,False,108.41,4,3,3,4,4,5,3,3,5,1496.68,1.354
2,7.17,7.84,14.32,False,85.29,False,108.68,False,75.07,2,3,3,4,5,5,4,3,5,724.8,1.398
14,7.52,25.35,7.48,True,90.0,False,92.57,True,90.0,4,3,3,4,3,4,4,3,5,1424.49,1.423
4,5.03,11.65,13.1,True,90.0,False,101.19,True,90.0,2,3,3,4,3,5,3,2,5,753.06,1.346
4,10.4,21.69,6.44,True,90.0,False,97.65,True,90.0,4,3,3,2,4,4,3,5,5,1439.78,1.408
15,12.52,7.3,17.99,True,90.0,False,113.83,True,90.0,4,3,3,4,4,5,4,3,5,1504.04,1.347
14,11.42,6.75,19.54,True,90.0,False,100.81,True,90.0,4,3,3,2,5,5,5,4,5,1479.51,1.37
14,11.48,7.66,8.74,True,90.0,False,100.9,True,90.0,2,3,3,2,5,5,3,4,5,754.7,1.343
2,7.99,10.08,8.9,False,86.83,False,87.32,False,88.05,2,3,3,3,5,5,4,3,5,714.56,1.418
15,12.4,9.65,26.14,True,90.0,False,109.73,True,90.0,8,3,3,3,3,6,4,2,5,2944.28,1.377
5,20.65,7.28,9.96,True,90.0,False,93.92,True,90.0,4,3,3,2,5,4,5,3,5,1493.8,1.357
33,15.7,7.75,23.39,True,90.0,True,90.0,True,90.0,8,3,3,2,5,4,4,3,5,2845.98,1.424
4,10.38,21.81,6.86,True,90.0,False,111.4,True,90.0,4,3,3,3,5,5,3,1,5,1445.95,1.402
4,17.28,6.34,13.68,True,90.0,False,90.38,True,90.0,4,3,3,3,3,4,4,4,5,1498.68,1.352
4,14.04,6.32,17.93,True,90.0,False,109.87,True,90.0,4,3,3,3,5,5,4,3,5,1496.26,1.354
2,10.43,10.68,14.02,False,91.97,False,101.54,False,100.38,4,3,3,2,5,6,6,3,5,1501.09,1.35
15,13.55,8.28,15.27,True,90.0,False,117.88,True,90.0,4,3,3,2,5,6,4,3,5,1514.35,1.338
4,7.54,5.87,16.9,True,90.0,False,99.47,True,90.0,2,3,3,2,5,7,4,1,5,737.8,1.373
15,10.95,17.2,16.16,True,90.0,False,110.18,True,90.0,8,3,3,3,4,6,4,2,5,2856.74,1.419
61,8.55,12.07,28.43,True,90.0,True,90.0,True,90.0,8,3,3,3,4,6,5,3,5,2933.93,1.381
33,17.2,4.71,17.96,True,90.0,True,90.0,True,90.0,4,3,3,2,5,4,5,3,5,1454.98,1.393
5,15.1,8.58,11.76,True,90.0,False,109.76,True,90.0,4,3,3,2,5,5,3,2,5,1433.89,1.413
2,10.94,8.15,17.84,False,83.58,False,87.03,False,65.9,4,3,3,4,3,7,4,2,5,1442.84,1.405
4,10.79,7.56,17.39,True,90.0,False,91.42,True,90.0,4,3,3,3,4,7,4,3,5,1418.11,1.429
5,18.77,6.54,23.39,True,90.0,False,92.72,True,90.0,8,3,3,3,5,6,5,2,5,2868.02,1.413
33,16.2,13.4,13.66,True,90.0,True,90.0,True,90.0,8,3,3,2,5,5,3,3,5,2965.31,1.367
14,12.0,4.76,12.58,True,90.0,False,97.71,True,90.0,2,3,3,2,6,6,5,4,5,712.07,1.423
14,13.62,8.7,13.99,True,90.0,False,117.75,True,90.0,4,3,3,2,5,6,3,2,5,1467.07,1.381
2,11.71,8.32,16.24,False,98.41,False,103.79,False,100.9,4,3,3,2,5,6,4,2,5,1478.21,1.371
2,8.3,8.39,12.7,False,88.82,False,71.5,False,65.02,2,3,3,4,3,5,3,2,5,753.59,1.345
2,9.63,10.92,7.61,False,73.04,False,74.0,False,91.99,2,3,3,4,3,6,4,3,5,730.02,1.388
2,5.61,7.69,19.4,False,86.61,False,77.31,False,65.43,2,3,3,3,4,6,6,2,5,742.07,1.365
2,12.4,10.12,15.18,False,69.78,False,110.96,False,76.0,4,3,3,4,4,5,4,2,5,1517.05,1.336
2,7.55,7.77,15.96,False,106.6,False,113.76,False,103.07,2,3,3,2,5,5,5,4,5,756.5,1.339
1,6.66,9.24,12.67,False,111.73,False,99.72,False,92.65,2,3,3,3,4,7,3,3,5,708.84,1.429
2,11.93,7.21,9.13,False,94.24,False,91.09,False,64.67,2,3,3,3,4,6,4,3,5,707.81,1.432
14,17.83,7.25,13.33,True,90.0,False,119.84,True,90.0,4,3,3,3,4,5,4,3,5,1494.68,1.356
1,5.48,8.41,17.42,False,101.11,False,94.94,False,103.56,2,3,3,2,5,5,3,4,5,758.54,1.336
14,18.16,8.36,19.16,True,90.0,False,103.52,True,90.0,8,3,3,3,4,5,4,4,5,2828.22,1.433
2,8.68,11.44,8.85,False,113.94,False,111.72,False,95.06,2,3,3,1,5,6,3,4,5,716.16,1.415
33,17.62,6.75,24.84,True,90.0,True,90.0,True,90.0,8,3,3,2,6,6,3,2,5,2954.35,1.372
15,12.45,15.83,15.32,True,90.0,False,98.15,True,90.0,8,3,3,4,4,6,2,3,5,2988.83,1.356
2,8.37,6.76,14.42,False,81.01,False,80.24,False,65.25,2,3,3,1,6,7,3,2,5,726.91,1.394
4,8.56,10.43,17.79,True,90.0,False,112.88,True,90.0,4,3,3,3,6,5,4,4,5,1463.34,1.385
5,24.01,9.0,13.92,True,90.0,False,91.73,True,90.0,8,3,3,2,5,5,4,4,5,3006.6,1.348
2,8.65,8.17,11.91,False,100.28,False,112.99,False,93.16,2,3,3,1,5,5,3,2,5,755.12,1.342
15,11.34,7.86,16.39,True,90.0,False,99.08,True,90.0,4,3,3,2,5,6,4,2,5,1442.57,1.405
2,8.5,11.47,16.11,False,88.06,False,106.96,False,86.28,4,3,3,2,5,6,3,4,5,1496.88,1.354
2,7.95,9.2,11.73,False,113.02,False,72.56,False,81.18,2,3,3,4,4,6,2,3,5,716.67,1.414
14,5.56,11.59,22.7,True,90.0,False,93.27,True,90.0,4,3,3,1,6,6,4,1,5,1460.42,1.388
14,12.42,18.44,6.65,True,90.0,False,105.04,True,90.0,4,3,3,2,5,6,3,3,5,1470.84,1.378
2,5.71,6.8,19.39,False,86.56,False,86.91,False,81.23,2,3,3,4,5,5,4,2,5,741.97,1.366
2,7.61,9.41,11.15,False,70.06,False,75.89,False,74.9,2,3,3,3,4,6,4,2,5,714.03,1.419
61,18.28,7.98,20.65,True,90.0,True,90.0,True,90.0,8,3,3,3,4,6,5,3,5,3012.31,1.345
61,5.15,12.1,23.37,True,90.0,True,90.0,True,90.0,4,3,3,3,5,7,4,3,5,1456.3,1.392
1,9.6,9.88,17.85,False,98.96,False,104.81,False,107.56,4,3,3,3,4,6,3,2,5,1509.9,1.342
14,16.08,12.1,15.66,True,90.0,False,97.39,True,90.0,8,3,3,3,3,6,3,2,5,3021.63,1.341
14,18.07,8.2,20.69,True,90.0,False,101.0,True,90.0,8,3,3,4,4,4,4,5,5,3009.39,1.347
19,11.31,8.45,15.0,True,90.0,True,90.0,True,90.0,4,3,3,2,5,6,3,1,5,1433.54,1.414
9,7.37,10.42,18.95,True,90.0,False,100.82,True,90.0,4,3,3,2,5,6,4,4,5,1429.4,1.418
15,17.43,8.83,19.62,True,90.0,False,105.92,True,90.0,8,3,3,4,3,6,6,3,5,2903.84,1.396
2,7.2,7.38,14.07,False,87.11,False,87.08,False,81.48,2,3,3,4,5,5,5,2,5,737.72,1.374
2,14.24,12.82,16.62,False,86.99,False,104.92,False,99.84,8,3,3,2,4,6,4,3,5,2888.56,1.403
14,12.52,19.02,7.04,True,90.0,False,117.59,True,90.0,4,3,3,2,5,5,4,1,5,1485.8,1.364
2,8.25,7.86,12.73,False,106.15,False,104.49,False,72.22,2,3,3,1,6,6,3,2,5,742.6,1.364
14,17.05,8.09,21.05,True,90.0,False,98.26,True,90.0,8,3,3,4,4,4,4,3,5,2873.4,1.411
2,5.49,8.04,16.63,False,84.3,False,91.01,False,100.27,2,3,3,3,3,6,3,4,5,718.71,1.41
19,4.84,10.37,28.58,True,90.0,True,90.0,True,90.0,4,3,3,2,4,5,4,2,5,1434.45,1.413
14,13.06,5.4,21.77,True,90.0,False,102.69,True,90.0,4,3,3,3,3,5,3,2,5,1497.8,1.353
1,8.97,7.82,11.46,False,111.45,False,104.65,False,93.48,2,3,3,2,5,6,3,3,5,713.31,1.421
33,13.11,5.04,22.24,True,90.0,True,90.0,True,90.0,4,3,3,2,5,5,4,4,5,1469.49,1.379
4,5.9,7.08,18.06,True,90.0,False,95.09,True,90.0,2,3,3,3,5,7,3,3,5,751.43,1.348
14,17.64,21.84,7.75,True,90.0,False,97.41,True,90.0,8,3,3,3,5,7,3,1,5,2960.81,1.369
2,7.85,9.87,19.89,False,74.25,False,83.39,False,86.46,4,3,3,2,5,6,3,4,5,1472.6,1.376
14,12.91,15.79,14.48,True,90.0,False,101.65,True,90.0,8,3,3,2,5,4,3,2,5,2890.92,1.402
2,11.95,11.85,12.3,False,112.03,False,95.68,False,107.54,4,3,3,3,4,6,4,3,5,1494.59,1.356
2,8.89,16.0,10.21,False,93.5,False,101.9,False,91.84,4,3,3,2,6,6,5,3,5,1416.92,1.43
4,7.45,5.69,17.64,True,90.0,False,93.55,True,90.0,2,3,3,2,5,7,3,2,5,746.33,1.358
2,8.37,7.19,13.1,False,110.46,False,92.53,False,100.01,2,3,3,2,5,7,3,5,5,722.67,1.402
2,11.07,9.49,6.99,False,86.65,False,78.4,False,87.91,2,3,3,2,4,5,3,3,5,717.87,1.411
2,13.62,8.63,25.59,False,89.34,False,95.39,False,87.58,8,3,3,3,4,5,3,2,5,2991.53,1.355
1,12.05,9.67,7.68,False,111.44,False,100.1,False,112.57,2,3,3,2,5,7,3,3,5,715.43,1.416
2,9.91,9.99,9.46,False,114.37,False,114.22,False,93.26,2,3,3,3,3,5,3,3,5,748.63,1.353
2,6.35,7.94,16.01,False,75.09,False,83.92,False,74.78,2,3,3,3,4,6,3,2,5,752.03,1.347
9,12.84,16.48,15.56,True,90.0,False,115.21,True,90.0,8,3,3,2,5,6,3,2,5,2978.94,1.361
2,8.32,10.06,17.88,False,100.4,False,98.24,False,90.15,4,3,3,4,4,4,5,3,5,1456.14,1.392
14,16.08,13.06,7.33,True,90.0,False,113.04,True,90.0,4,3,3,4,3,6,3,3,5,1416.55,1.431
2,6.43,6.37,17.58,False,89.44,False,85.12,False,94.7,2,3,3,2,3,2,5,4,5,714.94,1.417
1,9.95,7.67,10.07,False,102.5,False,92.31,False,98.69,2,3,3,4,3,5,3,3,5,739.55,1.37
2,7.72,7.44,25.86,False,93.14,False,103.86,False,88.87,4,3,3,4,3,4,4,4,5,1439.87,1.407
33,10.36,16.92,16.93,True,90.0,True,90.0,True,90.0,8,3,3,2,6,7,3,2,5,2967.68,1.366
61,6.83,15.53,27.18,True,90.0,True,90.0,True,90.0,8,3,3,3,5,6,3,2,5,2882.98,1.406
5,19.77,9.82,15.26,True,90.0,False,96.62,True,90.0,8,3,3,3,3,5,3,1,5,2942.84,1.377
33,10.69,10.83,12.84,True,90.0,True,90.0,True,90.0,4,3,3,3,5,6,4,3,5,1486.52,1.363
4,8.13,10.76,9.17,True,90.0,False,110.96,True,90.0,2,3,3,2,6,6,3,1,5,749.1,1.353
2,8.25,9.44,9.67,False,76.14,False,98.33,False,87.46,2,3,3,2,5,6,3,3,5,721.01,1.405
2,8.16,10.22,17.71,False,87.25,False,90.9,False,92.11,4,3,3,2,5,5,4,4,5,1474.08,1.375
4,7.64,6.62,29.33,True,90.0,False,91.19,True,90.0,4,3,3,4,4,5,3,2,5,1483.1,1.366
2,8.71,14.13,13.46,False,113.36,False,98.97,False,100.77,4,3,3,1,6,6,4,4,5,1444.57,1.403
2,7.05,9.11,11.57,False,100.71,False,77.57,False,89.75,2,3,3,4,4,5,5,2,5,712.27,1.423
14,10.81,12.65,21.02,True,90.0,False,95.97,True,90.0,8,3,3,3,3,5,3,3,5,2858.82,1.418
9,13.34,16.26,13.63,True,90.0,False,102.04,True,90.0,8,3,3,3,5,6,5,3,5,2891.43,1.402
2,12.7,9.82,25.63,False,88.1,False,103.64,False,106.0,8,3,3,4,4,6,4,2,5,2984.2,1.358
1,9.94,8.5,17.07,False,87.15,False,92.5,False,88.7,4,3,3,3,3,5,5,3,5,1438.64,1.409
19,4.78,15.78,19.78,True,90.0,True,90.0,True,90.0,4,3,3,4,4,4,4,3,5,1491.97,1.358
2,6.38,10.19,12.24,False,71.7,False,82.55,False,75.47,2,3,3,3,4,5,3,4,5,730.22,1.388
1,13.93,10.04,11.85,False,85.15,False,74.81,False,64.2,4,3,3,4,4,7,4,2,5,1439.14,1.408
14,9.37,14.04,11.72,True,90.0,False,101.21,True,90.0,4,3,3,4,3,3,4,2,5,1512.41,1.34
4,4.81,7.11,21.95,True,90.0,False,100.94,True,90.0,2,3,3,2,5,5,5,4,5,737.03,1.375
15,13.05,7.38,15.64,True,90.0,False,100.8,True,90.0,4,3,3,3,5,6,3,1,5,1479.59,1.37
4,10.55,11.78,12.57,True,90.0,False,109.89,True,90.0,4,3,3,4,5,8,3,2,5,1469.0,1.38
2,7.6,8.12,12.56,False,85.8,False,101.61,False,101.36,2,3,3,2,4,6,4,3,5,743.91,1.362
15,27.96,15.18,7.45,True,90.0,False,110.37,True,90.0,8,3,3,4,3,6,4,2,5,2964.29,1.367
5,16.52,10.56,9.18,True,90.0,False,112.96,True,90.0,4,3,3,2,5,5,3,2,5,1474.59,1.374
4,7.21,9.66,20.83,True,90.0,False,97.57,True,90.0,4,3,3,4,3,6,2,2,5,1438.14,1.409
2,7.49,9.77,10.44,False,93.18,False,93.19,False,95.83,2,3,3,2,6,6,5,3,5,757.4,1.338
5,28.39,9.24,11.77,True,90.0,False,102.35,True,90.0,8,3,3,4,3,6,3,3,5,3016.1,1.344
9,18.31,17.17,9.83,True,90.0,False,106.65,True,90.0,8,3,3,2,5,7,4,2,5,2960.81,1.369
14,17.12,5.98,29.06,True,90.0,False,94.5,True,90.0,8,3,3,4,3,4,5,1,5,2965.92,1.367
2,7.71,8.71,22.28,False,86.68,False,100.3,False,93.63,4,3,3,2,5,4,4,3,5,1467.47,1.381
4,13.16,6.17,20.45,True,90.0,False,117.66,True,90.0,4,3,3,1,6,6,5,3,5,1470.72,1.378
14,11.31,11.35,11.62,True,90.0,False,97.31,True,90.0,4,3,3,3,4,5,4,3,5,1479.52,1.37
14,12.63,6.16,18.71,True,90.0,False,97.69,True,90.0,4,3,3,2,5,5,4,2,5,1442.56,1.405
14,6.88,9.45,12.13,True,90.0,False,112.7,True,90.0,2,3,3,4,4,4,5,4,5,727.55,1.393
61,10.71,10.35,26.22,True,90.0,True,90.0,True,90.0,8,3,3,3,5,6,2,3,5,2906.45,1.395
14,9.49,18.73,8.81,True,90.0,False,107.45,True,90.0,4,3,3,2,5,6,4,3,5,1493.89,1.357
14,6.63,9.06,12.49,True,90.0,False,104.95,True,90.0,2,3,3,2,6,8,3,2,5,724.85,1.398
14,7.68,19.14,10.37,True,90.0,False,105.94,True,90.0,4,3,3,2,6,5,5,4,5,1465.73,1.383
2,7.03,6.94,15.35,False,85.76,False,99.17,False,91.51,2,3,3,2,6,7,3,3,5,737.22,1.374
5,12.42,5.39,22.49,True,90.0,False,110.19,True,90.0,4,3,3,2,4,7,4,4,5,1413.05,1.434
2,8.91,11.0,15.16,False,86.45,False,84.23,False,86.4,4,3,3,1,5,5,5,4,5,1473.07,1.376
2,8.65,7.59,21.98,False,87.26,False,93.78,False,92.1,4,3,3,1,6,5,3,2,5,1437.47,1.41
2,8.44,8.78,11.53,False,82.57,False,71.55,False,64.43,2,3,3,2,5,6,3,2,5,731.09,1.386
14,9.55,11.73,13.68,True,90.0,False,108.91,True,90.0,4,3,3,4,4,5,3,3,5,1449.75,1.398
2,8.97,8.05,11.61,False,100.68,False,108.3,False,100.59,2,3,3,3,5,7,3,3,5,755.39,1.341
4,12.77,11.03,11.47,True,90.0,False,116.67,True,90.0,4,3,3,2,5,6,4,3,5,1443.7,1.404
29,15.53,28.42,6.79,True,90.0,True,90.0,True,90.0,8,3,3,2,5,7,3,2,5,2996.85,1.352
2,6.36,10.3,12.22,False,112.43,False,103.3,False,92.65,2,3,3,2,5,6,3,3,5,712.06,1.423
2,8.88,6.19,14.14,False,100.53,False,93.97,False,101.88,2,3,3,2,3,4,5,2,5,743.15,1.363
2,8.68,7.2,13.02,False,105.05,False,102.34,False,100.24,2,3,3,4,3,6,3,1,5,743.8,1.362
2,6.68,6.81,16.22,False,100.94,False,88.12,False,85.19,2,3,3,2,4,6,3,2,5,721.0,1.405
19,9.25,11.05,27.86,True,90.0,True,90.0,True,90.0,8,3,3,3,4,5,3,3,5,2847.64,1.423
4,5.74,6.7,19.23,True,90.0,False,94.41,True,90.0,2,3,3,2,5,6,4,3,5,737.36,1.374
15,15.04,17.9,10.68,True,90.0,False,90.08,True,90.0,8,3,3,3,5,7,3,2,5,2875.22,1.41
14,13.56,13.16,16.6,True,90.0,False,100.53,True,90.0,8,3,3,2,4,5,5,4,5,2912.38,1.392
2,8.4,13.88,13.32,False,87.03,False,100.3,False,100.08,4,3,3,2,6,6,4,4,5,1504.06,1.347
1,11.21,5.48,13.63,False,78.48,False,83.04,False,66.97,2,3,3,4,5,5,5,2,5,754.19,1.344
5,25.65,6.16,19.1,True,90.0,False,102.8,True,90.0,8,3,3,3,3,5,4,1,5,2942.88,1.377
2,7.75,7.59,15.61,False,111.47,False,98.16,False,114.37,2,3,3,3,5,6,3,3,5,730.4,1.387
2,9.36,12.21,13.82,False,92.13,False,106.5,False,88.99,4,3,3,3,4,6,4,3,5,1513.3,1.339
9,9.88,16.87,8.85,True,90.0,False,90.29,True,90.0,4,3,3,4,3,5,3,1,5,1475.06,1.374
14,8.74,3.88,21.63,True,90.0,False,101.89,True,90.0,2,3,3,2,5,4,5,4,5,717.76,1.412
2,9.48,10.99,14.2,False,86.26,False,101.56,False,100.17,4,3,3,2,4,6,3,2,5,1425.96,1.421
4,12.47,8.85,13.51,True,90.0,False,105.59,True,90.0,4,3,3,3,4,5,3,3,5,1436.1,1.411
33,8.34,16.98,9.99,True,90.0,True,90.0,True,90.0,4,3,3,4,3,5,4,2,5,1414.72,1.432
2,7.26,7.72,14.12,False,104.76,False,105.22,False,101.13,2,3,3,3,5,6,5,3,5,709.2,1.429
9,11.35,15.66,19.05,True,90.0,False,116.45,True,90.0,8,3,3,2,4,5,4,2,5,3031.53,1.337
2,6.67,7.42,16.01,False,100.97,False,96.21,False,104.76,2,3,3,4,4,5,4,3,5,741.9,1.366
14,8.6,8.84,19.79,True,90.0,False,105.04,True,90.0,4,3,3,2,6,6,4,2,5,1452.98,1.395
2,7.81,8.86,11.15,False,86.44,False,96.47,False,69.74,2,3,3,2,6,6,3,3,5,714.95,1.417
2,7.95,7.97,11.94,False,79.84,False,78.71,False,76.04,2,3,3,2,5,6,2,2,5,713.32,1.42
2,9.39,11.7,14.69,False,105.89,False,104.41,False,100.61,4,3,3,2,5,5,5,3,5,1447.21,1.4
19,6.63,17.18,24.98,True,90.0,True,90.0,True,90.0,8,3,3,2,4,4,4,2,5,2845.31,1.424
4,12.32,4.41,13.48,True,90.0,False,92.3,True,90.0,2,3,3,2,3,4,4,3,5,731.79,1.385
15,27.54,12.14,9.21,True,90.0,False,110.26,True,90.0,8,3,3,2,5,7,3,3,5,2888.72,1.403
61,11.65,10.71,11.98,True,90.0,True,90.0,True,90.0,4,3,3,4,3,4,3,2,5,1494.76,1.356
2,11.28,7.6,10.65,False,91.59,False,114.32,False,112.87,2,3,3,4,4,5,4,3,5,747.16,1.356
5,26.47,7.31,15.73,True,90.0,False,100.91,True,90.0,8,3,3,3,5,7,5,3,5,2988.67,1.356
14,5.85,22.07,11.11,True,90.0,False,96.12,True,90.0,4,3,3,2,6,7,3,3,5,1426.23,1.421
14,10.47,24.91,11.65,True,90.0,False,100.28,True,90.0,8,3,3,2,5,5,3,2,5,2989.64,1.356
15,12.27,5.72,21.18,True,90.0,False,100.32,True,90.0,4,3,3,4,4,6,3,2,5,1462.46,1.386
14,11.34,7.48,20.17,True,90.0,False,117.83,True,90.0,4,3,3,2,5,6,4,3,5,1513.0,1.339
14,14.76,13.25,7.69,True,90.0,False,100.8,True,90.0,4,3,3,2,5,5,3,1,5,1477.29,1.372
2,8.05,10.11,9.53,False,81.34,False,92.87,False,107.07,2,3,3,3,5,7,4,5,5,732.97,1.382
5,16.01,11.35,8.28,True,90.0,False,107.36,True,90.0,4,3,3,2,5,5,4,2,5,1436.05,1.411
4,9.17,6.26,13.12,True,90.0,False,104.03,True,90.0,2,3,3,2,5,6,3,2,5,730.68,1.387
2,11.24,11.63,5.98,False,101.96,False,98.18,False,108.34,2,3,3,2,6,6,3,2,5,707.55,1.432
2,7.36,10.37,11.96,False,71.01,False,72.62,False,104.76,2,3,3,1,6,7,3,4,5,758.5,1.336
19,14.59,4.2,24.28,True,90.0,True,90.0,True,90.0,4,3,3,2,4,7,5,5,5,1487.83,1.362
2,10.07,12.49,12.92,False,110.38,False,90.27,False,94.63,4,3,3,2,5,5,4,4,5,1517.38,1.336
15,28.63,9.17,11.56,True,90.0,False,95.23,True,90.0,8,3,3,3,3,6,3,3,5,3022.29,1.341
2,8.82,14.94,12.49,False,113.58,False,99.51,False,94.33,4,3,3,4,4,5,5,5,5,1469.3,1.379
15,10.79,16.52,16.51,True,90.0,False,91.24,True,90.0,8,3,3,2,5,5,4,2,5,2942.23,1.378
2,6.99,7.55,14.92,False,71.28,False,85.81,False,82.75,2,3,3,2,4,5,3,4,5,739.33,1.371
2,12.49,10.22,12.23,False,111.18,False,103.34,False,87.47,4,3,3,3,5,6,4,3,5,1415.08,1.432
2,7.36,9.03,11.7,False,73.16,False,81.94,False,87.92,2,3,3,1,5,5,3,4,5,736.89,1.375
4,9.57,7.57,10.15,True,90.0,False,105.64,True,90.0,2,3,3,3,6,6,3,3,5,708.09,1.431
2,11.21,13.73,18.66,False,86.11,False,84.28,False,88.01,8,3,3,4,4,5,4,2,5,2850.01,1.422
2,11.76,17.3,15.68,False,100.62,False,107.94,False,90.01,8,3,3,3,4,6,3,2,5,2977.44,1.361
15,28.53,5.99,17.11,True,90.0,False,93.48,True,90.0,8,3,3,2,5,5,4,2,5,2918.62,1.389
2,7.78,9.47,11.6,False,112.99,False,92.89,False,106.59,2,3,3,3,4,6,4,4,5,741.21,1.367
4,11.31,8.21,15.78,True,90.0,False,97.73,True,90.0,4,3,3,2,5,5,5,3,5,1451.94,1.396
33,8.98,8.18,20.64,True,90.0,True,90.0,True,90.0,4,3,3,2,6,5,3,2,5,1516.14,1.337
2,11.71,10.47,12.17,False,100.55,False,95.98,False,101.5,4,3,3,2,5,5,4,4,5,1422.01,1.425
5,27.5,8.06,13.71,True,90.0,False,94.11,True,90.0,8,3,3,3,5,7,3,1,5,3031.01,1.337
4,8.29,17.04,5.68,False,90.0,False,111.68,True,90.0,2,3,3,4,4,4,4,2,5,745.61,1.359
2,6.06,7.45,16.31,False,90.42,False,96.72,False,75.29,2,3,3,4,3,6,6,2,5,707.13,1.433
4,13.47,6.18,17.44,True,90.0,False,96.26,True,90.0,4,3,3,3,5,7,3,1,5,1443.13,1.404
2,12.65,14.79,16.59,False,105.83,False,101.38,False,91.56,8,3,3,2,5,6,4,2,5,2916.63,1.39
2,6.27,8.1,14.21,False,87.76,False,94.31,False,86.61,2,3,3,2,4,5,4,2,5,717.7,1.412
61,9.24,10.9,28.58,True,90.0,True,90.0,True,90.0,8,3,3,3,5,6,4,2,5,2878.46,1.408
4,13.29,8.41,13.23,True,90.0,False,96.72,True,90.0,4,3,3,2,3,5,4,1,5,1468.54,1.38
19,14.08,12.78,16.46,True,90.0,True,90.0,True,90.0,8,3,3,2,6,6,3,5,5,2961.85,1.368
14,15.21,16.11,6.24,True,90.0,False,112.18,True,90.0,4,3,3,4,3,4,3,1,5,1415.86,1.431
2,9.29,8.48,19.67,False,100.46,False,100.58,False,102.64,4,3,3,2,5,5,4,2,5,1446.07,1.401
4,11.78,5.94,20.36,True,90.0,False,91.54,True,90.0,4,3,3,2,5,5,3,3,5,1424.14,1.423
2,7.75,7.66,13.9,False,71.6,False,80.11,False,74.31,2,3,3,2,5,6,3,2,5,750.43,1.35
15,17.16,8.95,19.06,True,90.0,False,99.8,True,90.0,8,3,3,4,3,5,4,2,5,2884.56,1.405
5,19.4,4.86,16.18,True,90.0,False,100.37,True,90.0,4,3,3,4,3,4,5,5,5,1500.6,1.35
14,10.93,5.01,14.21,True,90.0,False,109.68,True,90.0,2,3,3,2,3,4,5,3,5,732.68,1.383
4,15.3,5.61,17.9,True,90.0,False,112.63,True,90.0,4,3,3,4,4,5,3,1,5,1418.12,1.429
2,8.24,9.66,9.27,False,93.92,False,91.14,False,84.56,2,3,3,2,5,6,3,2,5,732.77,1.383
2,11.52,13.14,11.49,False,87.22,False,110.84,False,66.34,4,3,3,3,4,6,3,3,5,1451.21,1.396
14,7.66,16.25,11.81,True,90.0,False,105.61,True,90.0,4,3,3,4,3,5,4,1,5,1415.83,1.431
14,7.29,15.65,13.09,True,90.0,False,98.78,True,90.0,4,3,3,2,4,5,5,4,5,1475.92,1.373
2,8.87,6.98,13.73,False,71.54,False,75.85,False,69.35,2,3,3,2,5,7,5,2,5,746.02,1.358
2,7.21,8.75,24.14,False,86.65,False,91.38,False,95.38,4,3,3,2,5,7,4,2,5,1513.37,1.339
2,11.36,8.35,8.44,False,85.9,False,109.71,False,81.24,2,3,3,2,5,5,4,2,5,738.37,1.372
2,11.81,9.41,7.99,False,92.34,False,112.87,False,112.74,2,3,3,2,4,5,5,3,5,735.23,1.378
5,27.53,8.64,12.66,True,90.0,False,92.54,True,90.0,8,3,3,4,3,5,4,3,5,3008.34,1.347
14,9.2,17.88,17.42,False,90.0,False,87.52,True,90.0,8,3,3,2,6,7,3,2,5,2862.84,1.416
4,12.33,7.5,16.19,True,90.0,False,97.39,True,90.0,4,3,3,4,4,5,3,2,5,1484.73,1.365
14,8.7,18.13,9.3,True,90.0,False,92.11,True,90.0,4,3,3,3,5,7,3,2,5,1465.9,1.382
2,6.77,12.44,17.8,False,87.19,False,86.51,False,87.28,4,3,3,3,4,5,4,2,5,1493.03,1.357
2,10.65,11.21,13.67,False,69.6,False,76.01,False,73.94,4,3,3,3,4,7,4,5,5,1450.7,1.397
14,11.83,9.94,12.39,True,90.0,False,84.05,True,90.0,4,3,3,2,5,6,3,2,5,1449.09,1.398
5,11.52,22.21,5.79,True,90.0,False,100.08,True,90.0,4,3,3,2,5,5,3,2,5,1458.56,1.389
2,9.38,11.79,13.65,False,75.61,False,80.93,False,80.55,4,3,3,2,5,5,3,2,5,1431.53,1.416
14,17.86,5.81,28.46,True,90.0,False,104.46,True,90.0,8,3,3,2,3,6,5,2,5,2859.65,1.417
2,12.62,8.13,14.68,False,80.11,False,74.53,False,79.75,4,3,3,4,4,5,4,2,5,1416.12,1.431
61,7.46,7.81,25.54,True,90.0,True,90.0,True,90.0,4,3,3,2,6,5,6,3,5,1488.03,1.362
2,8.96,8.61,10.64,False,70.79,False,98.05,False,80.32,2,3,3,2,5,5,5,3,5,747.07,1.356
2,11.18,10.95,6.7,False,74.42,False,76.42,False,70.57,2,3,3,1,6,6,3,1,5,735.47,1.378
2,8.16,12.42,15.6,False,110.35,False,105.6,False,87.8,4,3,3,2,5,5,5,2,5,1425.07,1.422
15,21.12,17.0,4.19,True,90.0,False,101.16,True,90.0,4,3,3,3,4,6,3,2,5,1475.93,1.373
1,12.76,8.04,18.37,False,104.92,False,111.33,False,112.38,4,3,3,4,3,6,3,2,5,1441.58,1.406
2,12.59,15.64,7.92,False,87.99,False,84.27,False,77.49,4,3,3,2,6,6,4,3,5,1514.73,1.338
14,11.76,12.52,11.37,True,90.0,False,116.74,True,90.0,4,3,3,3,4,6,3,2,5,1495.04,1.356
5,15.99,13.28,6.69,True,90.0,False,96.32,True,90.0,4,3,3,3,4,4,3,5,5,1411.97,1.435
2,14.98,7.98,12.46,False,84.22,False,87.84,False,99.08,4,3,3,1,6,6,4,2,5,1461.15,1.387
4,9.91,17.35,9.02,True,90.0,False,111.82,True,90.0,4,3,3,2,4,4,3,4,5,1439.77,1.408
14,7.22,10.04,10.57,True,90.0,False,102.27,True,90.0,2,3,3,3,5,5,4,3,5,748.7,1.353
2,8.78,11.5,15.96,False,95.54,False,97.84,False,113.2,4,3,3,2,5,7,3,2,5,1447.2,1.4
4,9.41,14.67,5.68,True,90.0,False,112.77,True,90.0,2,3,3,2,5,4,5,4,5,722.99,1.401
33,5.57,15.22,16.83,True,90.0,True,90.0,True,90.0,4,3,3,2,5,6,4,2,5,1426.77,1.42
2,9.27,13.16,12.16,False,100.35,False,93.6,False,101.63,4,3,3,2,5,5,3,3,5,1421.77,1.425
9,5.6,12.98,20.18,True,90.0,False,90.03,True,90.0,4,3,3,1,6,6,4,3,5,1466.84,1.382
2,10.08,9.04,8.9,False,81.43,False,85.14,False,64.97,2,3,3,1,5,4,4,3,5,726.42,1.395
2,9.26,7.75,11.37,False,83.83,False,74.97,False,112.07,2,3,3,2,5,5,4,3,5,710.91,1.425
15,11.82,15.16,18.11,True,90.0,False,111.18,True,90.0,8,3,3,4,3,5,4,2,5,3025.94,1.339
2,12.06,7.42,17.26,False,100.57,False,93.02,False,106.77,4,3,3,4,3,4,4,3,5,1444.55,1.403
19,6.31,7.74,29.61,True,90.0,True,90.0,True,90.0,4,3,3,3,4,6,3,3,5,1446.13,1.401
14,16.35,6.14,16.03,True,90.0,False,115.55,True,90.0,4,3,3,4,4,5,4,3,5,1451.87,1.396
1,14.32,11.32,18.89,False,86.54,False,105.56,False,95.7,8,3,3,3,4,5,4,3,5,2933.49,1.382
2,11.31,12.85,12.47,False,92.99,False,112.98,False,113.22,4,3,3,3,4,7,4,5,5,1487.15,1.363
2,7.07,16.18,13.38,False,84.88,False,83.04,False,78.2,4,3,3,2,5,6,3,2,5,1483.91,1.366
15,17.23,7.85,21.22,True,90.0,False,98.19,True,90.0,8,3,3,2,5,8,3,2,5,2840.85,1.427
14,10.27,4.04,18.02,True,90.0,False,103.95,True,90.0,2,3,3,3,4,6,3,3,5,725.61,1.396
2,10.05,15.41,10.0,False,71.63,False,81.31,False,80.49,4,3,3,2,5,6,3,3,5,1441.45,1.406
14,11.52,7.85,16.55,True,90.0,False,84.64,True,90.0,4,3,3,2,6,8,4,3,5,1490.11,1.36
15,17.87,9.64,16.57,True,90.0,False,97.27,True,90.0,8,3,3,1,6,6,3,3,5,2831.51,1.431
61,8.13,12.1,30.0,True,90.0,True,90.0,True,90.0,8,3,3,3,4,7,3,2,5,2951.19,1.373
2,5.96,7.77,15.9,False,82.09,False,79.16,False,88.4,2,3,3,3,4,5,4,2,5,716.3,1.415
9,11.28,16.47,7.86,True,90.0,False,102.15,True,90.0,4,3,3,2,4,5,4,3,5,1427.53,1.42
14,7.94,27.45,7.26,True,90.0,False,109.36,True,90.0,4,3,3,3,4,5,4,3,5,1492.86,1.357
14,6.57,19.82,24.06,True,90.0,False,104.51,True,90.0,8,3,3,2,5,7,5,3,5,3033.1,1.336
2,10.04,10.07,7.89,False,88.43,False,76.66,False,69.59,2,3,3,2,6,7,3,2,5,726.22,1.395
61,13.69,8.81,24.54,True,90.0,True,90.0,True,90.0,8,3,3,4,5,5,5,5,5,2959.74,1.369
2,9.43,9.83,16.62,False,105.96,False,102.69,False,92.39,4,3,3,2,6,6,6,2,5,1436.47,1.411
2,10.16,9.68,8.73,False,112.49,False,77.15,False,107.17,2,3,3,2,5,7,3,1,5,752.08,1.347
9,10.58,18.71,7.62,True,90.0,False,103.14,True,90.0,4,3,3,3,5,6,4,2,5,1468.9,1.38
14,16.27,8.35,22.25,True,90.0,False,95.61,True,90.0,8,3,3,4,4,5,4,2,5,3008.28,1.347
14,12.54,15.05,8.38,True,90.0,False,107.59,True,90.0,4,3,3,2,4,5,4,5,5,1507.59,1.344
2,10.35,12.39,13.31,False,111.63,False,99.59,False,101.68,4,3,3,2,5,6,4,5,5,1498.24,1.353
15,17.75,8.56,21.18,True,90.0,False,118.61,True,90.0,8,3,3,2,5,7,4,4,5,2825.16,1.435
14,11.85,17.67,15.54,True,90.0,False,115.36,True,90.0,8,3,3,1,6,5,4,4,5,2940.35,1.378
2,10.58,13.34,12.35,False,111.71,False,109.01,False,101.73,4,3,3,2,4,5,3,3,5,1423.27,1.424
2,7.17,15.39,12.98,False,86.39,False,89.13,False,81.17,4,3,3,4,4,5,3,2,5,1412.49,1.435
33,10.84,24.08,5.56,True,90.0,True,90.0,True,90.0,4,3,3,3,3,5,4,1,5,1451.31,1.396
15,18.69,15.53,10.19,True,90.0,False,99.38,True,90.0,8,3,3,3,5,6,5,5,5,2918.16,1.389
15,29.97,9.22,11.23,True,90.0,False,110.9,True,90.0,8,3,3,2,5,6,3,3,5,2898.94,1.398
33,15.22,11.61,17.15,True,90.0,True,90.0,True,90.0,8,3,3,3,3,5,3,2,5,3030.48,1.337
2,11.96,9.24,14.94,False,100.47,False,110.07,False,106.53,4,3,3,4,3,5,5,4,5,1413.32,1.434
14,9.85,9.41,16.07,True,90.0,False,99.56,True,90.0,4,3,3,2,5,6,3,1,5,1468.82,1.38
2,7.9,11.15,16.71,False,87.92,False,82.14,False,77.03,4,3,3,4,3,6,4,3,5,1420.85,1.426
2,9.45,10.2,17.62,False,85.66,False,76.07,False,66.49,4,3,3,3,5,6,3,3,5,1511.21,1.341
2,9.5,10.01,10.02,False,112.71,False,112.12,False,99.87,2,3,3,3,4,5,4,3,5,756.27,1.34
2,16.3,5.66,16.75,False,91.85,False,105.8,False,98.44,4,3,3,3,5,5,4,5,5,1466.59,1.382
2,7.86,10.49,17.73,False,85.75,False,82.41,False,93.11,4,3,3,4,3,5,5,4,5,1442.03,1.405
14,7.81,7.52,12.68,True,90.0,False,100.56,True,90.0,2,3,3,3,3,4,6,4,5,732.1,1.384
4,22.82,5.55,6.15,True,90.0,False,114.5,True,90.0,2,3,3,3,3,4,3,3,5,708.77,1.43
2,12.53,10.04,13.36,False,100.46,False,92.77,False,112.93,4,3,3,2,6,5,4,2,5,1508.96,1.343
2,15.18,8.14,12.52,False,87.33,False,104.61,False,92.94,4,3,3,2,5,5,4,2,5,1494.14,1.356
2,9.64,9.62,8.7,False,105.09,False,100.54,False,96.61,2,3,3,2,5,5,4,4,5,754.51,1.343
14,13.66,9.39,22.39,True,90.0,False,91.84,True,90.0,8,3,3,2,5,6,3,2,5,2870.43,1.412
2,5.86,10.6,13.57,False,112.25,False,90.4,False,107.04,2,3,3,2,6,8,3,2,5,739.25,1.371
2,7.24,12.53,8.21,False,82.4,False,97.2,False,93.1,2,3,3,3,5,5,3,4,5,731.89,1.384
2,10.14,10.79,15.87,False,70.95,False,76.88,False,107.18,4,3,3,4,4,5,4,2,5,1464.03,1.384
2,9.18,8.96,22.01,False,112.83,False,94.81,False,113.38,4,3,3,2,5,6,2,2,5,1469.8,1.379
14,13.14,7.24,16.23,True,90.0,False,112.24,True,90.0,4,3,3,3,3,5,4,1,5,1429.15,1.418
9,6.67,11.88,18.9,True,90.0,False,91.67,True,90.0,4,3,3,4,4,6,6,4,5,1496.99,1.354
5,17.99,5.96,29.09,True,90.0,False,109.05,True,90.0,8,3,3,3,5,7,3,3,5,2948.22,1.375
14,11.14,14.53,18.16,True,90.0,False,99.86,True,90.0,8,3,3,1,6,6,3,1,5,2896.04,1.4
4,14.72,11.4,8.55,True,90.0,False,94.73,True,90.0,4,3,3,2,5,5,3,3,5,1429.87,1.417
15,19.75,8.24,20.12,True,90.0,False,115.18,True,90.0,8,3,3,2,5,5,4,3,5,2963.19,1.368
2,10.69,7.33,10.73,False,106.41,False,113.86,False,93.23,2,3,3,3,3,5,3,2,5,723.52,1.4
14,5.78,13.56,19.4,True,90.0,False,96.84,True,90.0,4,3,3,2,6,5,5,3,5,1509.69,1.342
4,9.76,9.36,7.98,True,90.0,False,98.86,True,90.0,2,3,3,3,5,6,3,1,5,720.3,1.407
2,10.67,8.18,16.45,False,99.07,False,89.89,False,93.5,4,3,3,1,6,6,4,3,5,1415.13,1.432
14,12.61,7.46,15.7,True,90.0,False,101.1,True,90.0,4,3,3,1,5,4,4,3,5,1449.28,1.398
14,15.64,8.18,25.1,True,90.0,False,117.64,True,90.0,8,3,3,3,4,5,5,3,5,2844.71,1.425
2,7.47,15.56,12.59,False,84.87,False,100.0,False,95.63,4,3,3,2,6,8,3,3,5,1430.28,1.417
2,8.13,11.8,15.75,False,85.74,False,92.19,False,86.28,4,3,3,2,6,5,5,4,5,1502.2,1.349
14,8.89,13.53,12.08,True,90.0,False,91.25,True,90.0,4,3,3,3,5,5,4,4,5,1452.66,1.395
2,11.16,6.52,11.74,False,101.56,False,106.18,False,108.75,2,3,3,4,4,4,3,5,5,736.32,1.376
14,9.57,5.45,15.81,True,90.0,False,115.41,True,90.0,2,3,3,1,6,5,5,3,5,744.82,1.36
2,9.74,15.04,10.88,False,72.26,False,83.65,False,92.92,4,3,3,3,4,5,3,2,5,1502.66,1.349
14,9.46,12.82,24.96,True,90.0,False,102.21,True,90.0,8,3,3,3,4,4,4,3,5,2958.6,1.37
4,10.56,11.29,11.95,True,90.0,False,93.73,True,90.0,4,3,3,2,6,6,4,2,5,1421.69,1.425
14,13.78,4.31,24.81,True,90.0,False,97.86,True,90.0,4,3,3,4,3,5,5,3,5,1459.67,1.388
1,8.33,8.06,23.01,False,86.76,False,91.39,False,79.32,4,3,3,3,4,5,5,5,5,1514.75,1.338
19,10.89,16.77,15.64,True,90.0,True,90.0,True,90.0,8,3,3,2,5,6,3,2,5,2856.26,1.419
9,12.95,14.31,18.09,True,90.0,False,118.04,True,90.0,8,3,3,4,4,5,4,3,5,2958.84,1.37
4,7.24,4.87,22.07,True,90.0,False,108.16,True,90.0,2,3,3,2,5,5,4,3,5,739.4,1.37
14,8.62,22.57,7.9,True,90.0,False,100.38,True,90.0,4,3,3,4,4,5,3,4,5,1511.82,1.34
2,10.35,5.42,14.05,False,101.01,False,103.64,False,100.65,2,3,3,4,3,6,3,2,5,729.68,1.389
2,7.4,9.25,21.65,False,101.29,False,84.43,False,98.27,4,3,3,4,3,5,3,2,5,1434.52,1.413
33,9.93,11.91,12.31,True,90.0,True,90.0,True,90.0,4,3,3,3,5,5,5,3,5,1455.86,1.392
33,17.47,7.42,11.68,True,90.0,True,90.0,True,90.0,4,3,3,4,3,4,5,4,5,1514.05,1.338
2,9.01,9.06,9.57,False,93.65,False,74.03,False,107.67,2,3,3,4,4,5,4,3,5,715.45,1.416
14,20.99,10.99,6.31,True,90.0,False,97.08,True,90.0,4,3,3,3,4,6,4,2,5,1444.49,1.403
2,8.19,10.76,8.79,False,93.29,False,93.8,False,108.73,2,3,3,2,5,7,3,1,5,729.44,1.389
5,22.21,6.97,9.87,True,90.0,False,98.17,True,90.0,4,3,3,3,4,6,3,2,5,1512.41,1.34
4,17.63,14.37,12.0,True,90.0,False,110.47,True,90.0,8,3,3,4,4,5,3,2,5,2848.15,1.423
14,11.96,10.07,11.95,True,90.0,False,95.4,True,90.0,4,3,3,2,4,5,3,4,5,1432.84,1.414
61,10.37,10.57,27.37,True,90.0,True,90.0,True,90.0,8,3,3,2,6,4,4,1,5,3000.05,1.351
