Space group number,A,B,C,Alpha_90,Alpha,Beta_90,Beta,Gamma_90,Gamma,Z value,Molecular weight_category,S_L_category,M_L_category,S_M_category,S_category,Globularity_category,FrTPSA_category,Dipole moment_category,Refcode,SMILES,InChI string,Cell volume,Calculated density,Study temperature,Number of coordinates,Z prime,R factor,Unique chemical units,Multiplier sum,Molecular weight,S_L,M_L,S_M,S,Globularity,FrTPSA,Dipole moment,Space Group symbol,Publication year,Predicted density
19,11.05,7.1,27.1,True,90.0,True,90.0,True,90.0,4,4,4,3,6,7,3,3,2,ACPRET,CC(=O)OCC(=O)C1(O)CCC2C3CCC4=CC(=O)CCC4(C)C3C(=O)CC12C,"InChI=1S/C23H30O6/c1-13(24)29-12-19(27)23(28)9-7-17-16-5-4-14-10-15(25)6-8-21(14,2)20(16)18(26)11-22(17,23)3/h10,16-17,20,28H,4-9,11-12H2,1-3H3/t16-,17-,20+,21-,22-,23-/m0/s1",2125.952,1.258,295,59,1.0,8.1,1,1,402.2042387,0.7672754690000001,0.82712563,0.927640785,10.78446312,0.517869927,0.204061121,1.380136095,P212121,1972,1.26381
14,11.45,6.6,11.39,True,90.0,False,95.55,True,90.0,4,1,2,3,3,2,5,3,2,ACSALA,CC(=O)Oc1ccccc1C(O)=O,"InChI=1S/C9H8O4/c1-6(10)13-8-5-3-2-4-7(8)9(11)12/h2-5H,1H3,(H,11,12)",855.7389999999999,1.3980000000000001,295,21,1.0,10.8,1,1,180.0422587,0.533348905,0.8007963840000001,0.666023118,5.419084497,0.637918941,0.287980533,1.24221103,P21/c,1964,1.43278
4,4.79,10.24,11.77,True,90.0,False,99.59,True,90.0,2,2,3,2,5,4,4,5,2,ADENOS01,NC1=NC=NC2=C1N=CN2C1OC(CO)C(O)C1O,"InChI=1S/C10H13N5O4/c11-8-5-9(13-2-12-8)15(3-14-5)10-7(18)6(17)4(1-16)19-10/h2-4,6-7,10,16-18H,1H2,(H2,11,12,13)/t4-,6-,7-,10-/m1/s1",569.164,1.5590000000000002,123,32,1.0,4.4,1,1,267.0967539,0.651237886,0.77105195,0.844609609,7.803199492,0.587989591,0.466254038,1.556661637,P21,1991,1.5547799999999998
19,6.04,12.34,5.78,True,90.0,True,90.0,True,90.0,4,1,4,4,4,2,6,5,2,ALUCAL04,[NH3+]C(C)C(=O)[O-],"InChI=1S/C3H7NO2/c1-2(4)3(5)6/h2H,4H2,1H3,(H,5,6)/t2-/m0/s1",431.212,1.3719999999999999,295,13,1.0,8.44,1,1,89.04767846,0.758341845,0.955132086,0.793965417,5.424173722999999,0.6948754,0.498932186,1.6147722,P212121,2005,1.5525200000000001
14,8.86,5.78,15.27,True,90.0,False,103.1,True,90.0,4,1,2,3,3,2,5,4,3,AMCAPR01,[NH3+]CCCCCC(=O)[O-],"InChI=1S/C6H13NO2/c7-5-3-1-2-4-6(8)9/h1-5,7H2,(H,8,9)",761.671,1.1440000000000001,295,21,1.0,5.0,1,1,131.0946287,0.577223203,0.8937066779999999,0.64587545,5.628969007999999,0.6087527770000001,0.322641489,2.3355219590000003,P21/c,1967,1.27799
19,6.28,7.9,16.71,True,90.0,True,90.0,True,90.0,4,1,3,2,5,3,5,3,3,AMMCHC10,[NH3+]CC1CCC(CC1)C(=O)[O-],"InChI=1S/C8H15NO2/c9-5-6-1-3-7(4-2-6)8(10)11/h6-7H,1-5,9H2,(H,10,11)/t6-,7-",828.1619999999999,1.261,295,26,1.0,4.5,1,1,157.11027869999998,0.641614869,0.7617999540000001,0.842235374,6.662199048,0.602594109,0.28975182,2.468347543,P212121,1968,1.3164
19,5.57,7.32,12.12,True,90.0,True,90.0,True,90.0,4,1,3,4,3,1,6,3,1,AMPYRE,Nc1ccncc1,"InChI=1S/C5H6N2/c6-5-1-3-7-4-2-5/h1-4H,(H2,6,7)",494.401,1.264,295,13,1.0,4.9,1,1,94.05309819,0.66822634,0.9830820259999999,0.6797259259999999,4.872492055,0.708239747,0.28082424300000003,0.186222004,P212121,1977,1.32992
14,7.28,3.82,25.33,True,90.0,False,77.0,True,90.0,4,1,1,2,3,1,6,5,2,AMSALA,Nc1ccc(C(O)=O)c(O)c1,"InChI=1S/C7H7NO3/c8-4-1-2-5(7(10)11)6(9)3-4/h1-3,9H,8H2,(H,10,11)",686.363,1.482,295,11,1.0,15.0,1,1,153.04259309999998,0.482041379,0.740625141,0.650857434,4.908584169,0.6788104709999999,0.452535732,1.385820574,P21/c,1954,1.5447799999999998
61,10.22,11.21,21.41,True,90.0,True,90.0,True,90.0,8,2,3,3,4,4,4,5,3,AMUTOT,CC1=NN=C(NS(=O)(=O)c2ccc(N)cc2)S1,"InChI=1S/C9H10N4O2S2/c1-6-11-12-9(16-6)13-17(14,15)8-4-2-7(10)3-5-8/h2-5H,10H2,1H3,(H,12,13)",2451.245,1.465,296,27,1.0,3.83,1,1,270.0245176,0.640857711,0.842331908,0.760813766,7.513180556,0.588819345,0.45798098200000004,2.113415711,Pbca,2016,1.5462
2,10.52,11.22,8.07,False,101.22,False,112.15,False,112.65,2,2,3,2,6,6,3,3,2,AMXBPM10,COc1cc(Cc2cnc(N)nc2N)cc(OC)c1OC,"InChI=1S/C14H18N4O3/c1-19-10-5-8(6-11(20-2)12(10)21-3)4-9-7-17-14(16)18-13(9)15/h5-7H,4H2,1-3H3,(H4,15,16,17,18)",747.2689999999999,1.29,295,39,1.0,4.5,1,1,290.13789039999995,0.678642007,0.746026408,0.909675582,9.221372115,0.531428794,0.28104432,1.718438853,P-1,1976,1.33484
15,16.71,7.39,17.59,True,90.0,False,116.58,True,90.0,8,1,3,2,5,3,4,2,2,ANTPYR,CN1N(C(=O)C=C1C)c1ccccc1,"InChI=1S/C11H12N2O/c1-9-8-11(14)13(12(9)2)10-6-4-3-5-7-10/h3-8H,1-2H3",1942.03,1.288,173,26,1.0,3.8,1,1,188.09496299999998,0.6301294279999999,0.74295634,0.848137898,6.731093316,0.599868025,0.105855764,1.34532344,C2/c,2012,1.273
15,22.75,4.78,9.83,True,90.0,False,111.83,True,90.0,4,1,3,4,4,4,4,3,2,AZELAC01,OC(=O)CCCCCCCC(O)=O,"InChI=1S/C9H16O4/c10-8(11)6-4-2-1-3-5-7-9(12)13/h1-7H2,(H,10,11)(H,12,13)",992.309,1.26,295,29,0.5,9.7,1,1,188.104859,0.6857194940000001,0.916406042,0.7482703759999999,7.05427407,0.582530978,0.27635230899999996,1.537949613,C2/c,1967,1.28536
33,24.61,3.83,8.5,True,90.0,True,90.0,True,90.0,4,1,2,3,3,2,6,4,1,BAPLOT01,CN1C(=O)N(C)C2=C(NC=N2)C1=O,"InChI=1S/C7H8N4O2/c1-10-5-4(8-3-9-5)6(12)11(2)7(10)13/h3H,1-2H3,(H,8,9)",801.38,1.493,295,21,1.0,5.3,1,1,180.06472549999998,0.544541631,0.836964287,0.650615133,5.358296738,0.663615716,0.354555124,0.506876409,Pna21,1997,1.5372299999999999
14,7.89,12.91,15.91,True,90.0,False,104.21,True,90.0,8,1,4,3,6,4,6,4,1,BAPLOT02,CN1C(=O)N(C)C2=C(NC=N2)C1=O,"InChI=1S/2C7H8N4O2/c2*1-10-5-4(8-3-9-5)6(12)11(2)7(10)13/h2*3H,1-2H3,(H,8,9)",1571.0710000000001,1.5230000000000001,299,42,2.0,4.8,1,1,180.06472549999998,0.742314003,0.8148670370000001,0.910963346,7.257621202999999,0.665175562,0.35474206,0.47721106399999996,P21/c,2011,1.5372299999999999
19,9.07,5.22,26.6,True,90.0,True,90.0,True,90.0,4,2,2,4,2,3,4,3,2,BEDMIG,CCCNC(=O)NS(=O)(=O)c1ccc(Cl)cc1,"InChI=1S/C10H13ClN2O3S/c1-2-7-12-10(14)13-17(15,16)9-5-3-8(11)4-6-9/h3-6H,2,7H2,1H3,(H2,12,13,14)",1258.539,1.4609999999999999,295,30,1.0,10.0,1,1,276.033541,0.507503977,0.92131773,0.5508457720000001,6.619326541,0.56974859,0.263669,1.641509759,P212121,1980,1.45413
14,5.52,5.14,21.9,True,90.0,False,97.0,True,90.0,4,1,4,3,5,3,6,3,2,BENZAC,OC(=O)c1ccccc1,"InChI=1S/C7H6O2/c8-7(9)6-4-2-1-3-5-6/h1-5H,(H,8,9)",616.7330000000001,1.315,295,9,1.0,10.3,1,1,122.0367794,0.726011814,0.8444512479999999,0.859743906,6.347823528999999,0.713284858,0.237378029,1.471013836,P21/c,1955,1.4087
15,12.8,11.72,15.36,True,90.0,False,94.0,True,90.0,8,2,2,3,2,3,4,4,1,BEWKUJ,Nc1ccc(cc1)S(=O)(=O)N=C1NC=CC=C1,"InChI=1S/C11H11N3O2S/c12-9-4-6-10(7-5-9)17(15,16)14-11-3-1-2-8-13-11/h1-8H,12H2,(H,13,14)",2298.633,1.4409999999999998,295,27,1.0,14.0,1,1,249.05719759999997,0.517413174,0.8809947929999999,0.5873055979999999,6.305249405,0.598496931,0.341181106,0.7029099520000001,C2/c,1979,1.45492
14,11.56,14.38,8.2,True,90.0,False,98.0,True,90.0,4,2,3,2,5,5,3,2,2,BEWYIL,CCN(CC)CCOC(=O)c1ccc(N)cc1,"InChI=1S/C13H20N2O2/c1-3-15(4-2)9-10-17-13(16)11-5-7-12(14)8-6-11/h5-8H,3-4,9-10,14H2,1-2H3",1350.1729999999998,1.163,295,37,1.0,9.8,1,1,236.1524779,0.623808311,0.741698277,0.841054011,8.784013716,0.5466851779999999,0.16439093,1.6613774630000002,P21/a,1982,1.18088
2,9.67,13.7,14.12,False,61.03,False,79.63,False,81.9,4,3,3,3,4,5,3,3,2,BICCIZ02,COC(=O)C1=C(C)NC(=C(C1c1ccccc1N(=O)=O)C(=O)OC)C,"InChI=1S/2C17H18N2O6/c2*1-9-13(16(20)24-3)15(14(10(2)18-9)17(21)25-4)11-7-5-6-8-12(11)19(22)23/h2*5-8,15,18H,1-4H3",1605.8929999999998,1.433,100,86,2.0,4.39,1,1,346.11648629999996,0.638925438,0.8090066709999999,0.789765353,8.653005766,0.529300357,0.26258912,1.706958304,P-1,2012,1.34053
1,8.45,8.57,12.44,False,87.84,False,72.28,False,87.37,2,3,6,4,6,7,3,3,2,BILJIR,CN1C(=O)C=C(N2CCCC(N)C2)N(Cc2ccccc2C#N)C1=O,"InChI=1S/2C18H21N5O2/c2*1-21-17(24)9-16(22-8-4-7-15(20)12-22)23(18(21)25)11-14-6-3-2-5-13(14)10-19/h2*2-3,5-6,9,15H,4,7-8,11-12,20H2,1H3/t2*15-/m11/s1",857.307,1.315,173,92,2.0,4.43,1,1,339.1695249,0.915040305,0.995294281,0.919366586,10.7453433,0.520313704,0.22803599600000002,1.709396237,P1,2013,1.27534
19,5.24,10.35,21.04,True,90.0,True,90.0,True,90.0,4,2,3,4,4,4,4,4,2,BIOTIN01,OC(=O)CCCCC1SCC2NC(=O)NC12,"InChI=1S/C10H16N2O3S/c13-8(14)4-2-1-3-7-9-6(5-16-7)11-10(15)12-9/h6-7,9H,1-5H2,(H,13,14)(H2,11,12,15)/t6-,7-,9-/m0/s1",1141.41,1.422,295,32,1.0,5.3,1,1,244.0881634,0.6856933559999999,0.929069334,0.7380432570000001,7.509634267999999,0.583388579,0.34873426799999996,1.269289394,P212121,1976,1.4237600000000001
2,6.4,6.62,8.56,False,79.85,False,102.39,False,91.09,2,1,4,3,6,3,5,4,2,BISMEV,NC(=O)CN1CCCC1=O,"InChI=1S/C6H10N2O2/c7-5(9)4-8-3-1-2-6(8)10/h1-4H2,(H2,7,9)",348.50800000000004,1.355,295,20,1.0,5.8,1,1,142.07422759999997,0.734620122,0.807796458,0.909412408,6.8370163889999995,0.606469323,0.304454153,1.5984284640000002,P-1,1982,1.4042299999999999
14,7.63,14.2,11.67,True,90.0,False,101.65,True,90.0,4,2,3,3,4,5,5,3,2,BIXGIY,Cc1c(Cl)cccc1Nc1ncccc1C(O)=O,"InChI=1S/C13H11ClN2O2/c1-8-10(14)5-2-6-11(8)16-12-9(13(17)18)4-3-7-15-12/h2-7H,1H3,(H,15,16)(H,17,18)",1237.838,1.41,295,29,1.0,5.2,1,1,262.0509053,0.662348013,0.8564685890000001,0.7733476990000001,8.16684171,0.64029636,0.22586219100000002,1.336635429,P21/c,1982,1.46956
14,7.13,15.14,13.95,True,90.0,False,97.35,True,90.0,4,3,1,2,3,4,4,4,1,BIYSEH,CN1C(=C(O)c2ccccc2S1(=O)=O)C(=O)Nc1ccccn1,"InChI=1S/C15H13N3O4S/c1-18-13(15(20)17-12-8-4-5-9-16-12)14(19)10-6-2-3-7-11(10)23(18,21)22/h2-9,19H,1H3,(H,16,17,20)",1492.374,1.475,295,36,1.0,5.0,1,1,331.0626769,0.490762591,0.738626129,0.664426253,7.163596707999999,0.58001448,0.311442116,0.9750010720000001,P21/c,1982,1.45769
19,10.26,12.09,7.88,True,90.0,True,90.0,True,90.0,4,1,3,3,4,4,5,1,2,BPHENO01,O=C(c1ccccc1)c1ccccc1,InChI=1S/C13H10O/c14-13(11-7-3-1-4-8-11)12-9-5-2-6-10-12/h1-10H,977.462,1.238,295,14,1.0,13.4,1,1,182.0731649,0.650591075,0.823630757,0.789906241,7.085442512999999,0.635409387,0.072343954,1.022505279,P212121,1968,1.27579
2,7.34,7.07,11.59,False,106.82,False,99.79,False,93.21,4,1,3,4,3,1,6,4,1,BULCUG,CN1C=CNC1=S,"InChI=1S/2C4H6N2S/c2*1-6-3-2-5-4(6)7/h2*2-3H,1H3,(H,5,7)",563.434,1.3459999999999999,295,26,2.0,5.62,1,1,114.02516920000001,0.646680926,0.9463279859999999,0.6833581329999999,4.835491348,0.727220262,0.37283546799999995,0.379187373,P-1,1983,1.41963
2,13.53,9.23,6.36,False,85.8,False,87.21,False,79.01,2,3,5,3,6,7,3,3,3,CABCUD,Cc1ccc(cc1)S(=O)(=O)NC(=O)NN1CCCCCC1,"InChI=1S/C14H21N3O3S/c1-12-6-8-13(9-7-12)21(19,20)16-14(18)15-17-10-4-2-3-5-11-17/h6-9H,2-5,10-11H2,1H3,(H2,15,16,18)",776.985,1.331,295,42,1.0,6.5,1,1,311.1303625,0.8070764659999999,0.81749723,0.987252845,10.87032387,0.521656971,0.218602663,2.865288627,P-1,1983,1.4155200000000001
14,5.28,9.31,24.84,True,90.0,False,95.64,True,90.0,4,2,3,3,4,3,5,3,1,CANDUR,NC(=O)N1c2ccccc2CC(=O)c2ccccc12,"InChI=1S/C15H12N2O2/c16-15(19)17-12-7-3-1-5-10(12)9-14(18)11-6-2-4-8-13(11)17/h1-8H,9H2,(H2,16,19)",1213.881,1.38,294,31,1.0,3.73,1,1,252.0898776,0.610883347,0.861694727,0.708932442,6.874079315,0.61913225,0.22311148100000003,0.993485878,P21/c,2005,1.3749799999999999
14,7.53,11.15,15.47,True,90.0,False,116.17,True,90.0,4,2,4,3,5,4,5,2,2,CBMZPN01,NC(=O)N1c2ccccc2C=Cc2ccccc12,"InChI=1S/C15H12N2O/c16-15(18)17-13-7-3-1-5-11(13)9-10-12-6-2-4-8-14(12)17/h1-10H,(H2,16,18)",1165.343,1.347,295,30,1.0,3.5,1,1,236.09496299999998,0.7659041120000001,0.894303223,0.85642553,7.9944467889999995,0.625404124,0.16925194899999998,1.337404181,P21/c,1981,1.3291899999999999
14,16.19,6.84,12.44,True,90.0,False,109.67,True,90.0,4,2,4,3,6,4,4,3,3,CHEBAR,CCC1(C(=O)NC(=O)NC1=O)C1=CCCCCC1,"InChI=1S/C13H18N2O3/c1-2-13(9-7-5-3-4-6-8-9)10(16)14-12(18)15-11(13)17/h7H,2-6,8H2,1H3,(H2,14,15,16,17,18)",1297.213,1.2819999999999998,295,18,1.0,14.0,1,1,250.1317424,0.748119421,0.818135362,0.914420102,7.9997050860000005,0.573469666,0.236655102,2.520704233,P21/c,1969,1.3052700000000002
19,7.49,14.33,16.38,True,90.0,True,90.0,True,90.0,4,3,4,4,5,7,3,4,2,CIHHIK,CC(=O)OCC1OC(C(OC(C)=O)C1OC(C)=O)N1C=CC(=O)NC1=O,"InChI=1S/C15H18N2O9/c1-7(18)23-6-10-12(24-8(2)19)13(25-9(3)20)14(26-10)17-5-4-11(21)16-15(17)22/h4-5,10,12-14H,6H2,1-3H3,(H,16,21,22)/t10-,12-,13-,14-/m1/s1",1758.4289999999999,1.399,295,44,1.0,7.8,1,1,370.1012302,0.739055602,0.920162382,0.8031795429999999,10.01646845,0.514482891,0.33387208399999996,1.370473878,P212121,1984,1.3592600000000001
14,6.82,18.82,10.37,True,90.0,False,106.42,True,90.0,4,2,2,2,3,4,3,4,2,CIMETD,CNC(NCCSCC1=C(C)NC=N1)=NC#N,"InChI=1S/C10H16N6S/c1-8-9(16-7-15-8)5-17-4-3-13-10(12-2)14-6-11/h7H,3-5H2,1-2H3,(H,15,16)(H2,12,13,14)",1277.2730000000001,1.3119999999999998,295,33,1.0,3.5,1,1,252.1157155,0.506943905,0.7959023540000001,0.636942337,7.429460812,0.540118578,0.335430108,1.1323286909999999,P21/c,1978,1.3020100000000001
14,11.18,21.14,8.79,True,90.0,False,112.29,True,90.0,4,3,4,3,5,7,3,2,2,CIRTIG,COc1cc(NS(C)(=O)=O)ccc1Nc1c2ccccc2nc2ccccc12,"InChI=1S/C21H19N3O3S/c1-27-20-13-14(24-28(2,25)26)11-12-19(20)23-21-15-7-3-5-9-17(15)22-18-10-6-4-8-16(18)21/h3-13,24H,1-2H3,(H,22,23)",1922.606,1.359,256,47,1.0,4.1,1,1,393.1147125,0.731795176,0.814955607,0.8979571040000001,10.30668278,0.5159675,0.195154198,1.601998592,P21/c,1984,1.3494
14,7.13,9.22,11.6,True,90.0,False,98.13,True,90.0,4,1,3,2,5,3,6,3,2,COTZAN06,CC(=O)Nc1ccc(O)cc1,"InChI=1S/C8H9NO2/c1-6(10)9-7-2-4-8(11)5-3-7/h2-5,11H,1H3,(H,9,10)",754.3739999999999,1.331,10,20,1.0,6.41,1,1,151.06332849999998,0.622702547,0.7749914859999999,0.803495985,6.329275839,0.650590175,0.245663097,1.0541701940000001,P21/n,2014,1.35276
4,13.38,5.79,7.91,True,90.0,False,93.91,True,90.0,2,2,2,1,4,3,4,2,2,COYRUD11,COc1ccc2cc(ccc2c1)C(C)C(O)=O,"InChI=1S/C14H14O3/c1-9(14(15)16)10-3-4-12-8-13(17-2)6-5-11(12)7-10/h3-9H,1-2H3,(H,15,16)/t9-/m0/s1",611.76,1.25,295,31,1.0,4.2,1,1,230.0942943,0.506625907,0.6351535070000001,0.797643249,6.55563556,0.586808673,0.15834779699999998,1.424863847,P21,1987,1.32102
19,8.08,25.59,5.77,True,90.0,True,90.0,True,90.0,4,2,4,3,5,5,4,4,2,DAPSUO03,Nc1ccc(cc1)S(=O)(=O)c1ccc(N)cc1,"InChI=1S/C12H12N2O2S/c13-9-1-5-11(6-2-9)17(15,16)12-7-3-10(14)4-8-12/h1-8H,13-14H2",1193.118,1.382,295,29,1.0,4.6,1,1,248.0619486,0.7074017909999999,0.834924839,0.847264039,8.370842428,0.5667485999999999,0.31048075,1.33510586,P212121,1990,1.4065
19,16.28,23.25,10.45,True,90.0,True,90.0,True,90.0,8,3,3,3,4,5,3,3,2,DEXMET10,CC1CC2C3CCC4=CC(=O)C=CC4(C)C3(F)C(O)CC2(C)C1(O)C(=O)CO,"InChI=1S/2C22H29FO5/c2*1-12-8-16-15-5-4-13-9-14(25)6-7-19(13,2)21(15,23)17(26)10-20(16,3)22(12,28)18(27)11-24/h2*6-7,9,12,15-17,24,26,28H,4-5,8,10-11H2,1-3H3/t2*12-,15+,16+,17+,19+,20+,21+,22+/m11/s1",3954.1479999999997,1.319,295,56,2.0,8.0,1,1,392.1999022,0.653918066,0.8479608609999999,0.771165388,8.728536301,0.5434710189999999,0.21415115199999998,1.886528345,P212121,1977,1.3117299999999998
14,17.33,7.35,13.25,True,90.0,False,109.56,True,90.0,8,1,3,3,5,3,6,5,2,DIPGIS10,CN1N=NC2=C(N=CN2C1=O)C(N)=O,"InChI=1S/2C6H6N6O2/c2*1-11-6(14)12-2-8-3(4(7)13)5(12)9-10-11/h2*2H,1H3,(H2,7,13)",1590.369,1.6219999999999999,295,40,2.0,4.2,1,1,194.05522340000002,0.661197055,0.8092657109999999,0.817033325,6.866217685,0.673805084,0.525542796,1.28506774,P21/c,1992,1.60636
14,12.93,13.35,7.98,True,90.0,False,90.01,True,90.0,4,2,5,4,5,6,5,2,2,DIZPAM10,CN1C(=O)CN=C(c2ccccc2)c2cc(Cl)ccc12,"InChI=1S/C16H13ClN2O/c1-19-14-8-7-12(17)9-13(14)16(18-10-15(19)20)11-5-3-2-4-6-11/h2-9H,10H2,1H3",1377.0439999999999,1.3730000000000002,295,33,1.0,3.9,1,1,284.0716407,0.82485174,0.963937943,0.8557104170000001,9.012067346,0.610536668,0.105689164,1.0930529390000001,P21/a,1972,1.37636
14,8.98,8.09,9.42,True,90.0,False,97.65,True,90.0,4,1,3,3,4,3,5,5,2,DLHIST,[NH3+]C(CC1=CNC=N1)C(=O)[O-],"InChI=1S/C6H9N3O2/c7-5(6(10)11)1-4-2-8-3-9-4/h2-3,5H,1,7H2,(H,8,9)(H,10,11)/t5-/m0/s1",677.87,1.52,295,20,1.0,13.0,1,1,155.06947649999998,0.662321746,0.8892704909999999,0.7447922229999999,6.0577762879999995,0.64183637,0.478466839,1.500915819,P21/c,1974,1.4791100000000001
33,9.05,4.87,18.26,True,90.0,True,90.0,True,90.0,4,1,4,3,6,4,5,5,2,DLMANT,OCC(O)C(O)C(O)C(O)CO,"InChI=1S/C6H14O6/c7-1-3(9)5(11)6(12)4(10)2-8/h3-12H,1-2H2/t3-,4-,5-,6-/m1/s1",804.692,1.504,123,26,1.0,3.0,1,1,182.07903819999999,0.7612588690000001,0.821976299,0.9261323840000001,7.33360491,0.610564833,0.51733874,1.0416762720000001,Pna21,1977,1.52957
14,9.76,4.7,16.7,True,90.0,False,102.0,True,90.0,4,1,4,4,5,4,5,5,3,DLMETA,[NH3+]C(CCSC)C(=O)[O-],"InChI=1S/C5H11NO2S/c1-9-3-2-4(6)5(7)8/h4H,2-3,6H2,1H3,(H,7,8)/t4-/m0/s1",749.322,1.3230000000000002,295,9,1.0,21.0,1,1,149.0510496,0.773696252,0.9642039729999999,0.802419688,7.168730853,0.6361011329999999,0.456273473,2.605290409,P21/a,1952,1.41108
15,13.29,5.58,16.12,True,90.0,False,96.3,True,90.0,4,2,3,2,5,5,4,5,1,EDTAXX01,OC(=O)C[NH+](CC[NH+](CC(O)=O)CC(=O)[O-])CC(=O)[O-],"InChI=1S/C10H16N2O8/c13-7(14)3-11(4-8(15)16)1-2-12(5-9(17)18)6-10(19)20/h1-6H2,(H,13,14)(H,15,16)(H,17,18)(H,19,20)",1187.428,1.635,295,34,0.5,5.3,1,1,292.0906655,0.6475965539999999,0.7705773659999999,0.8404043290000001,8.98717272,0.595802585,0.512670982,0.15382015400000001,C2/c,1972,1.5469899999999999
19,8.95,11.09,14.26,True,90.0,True,90.0,True,90.0,4,2,6,4,6,6,4,2,3,ELOVAE,CN1CCC23C4CCC(=O)C2Oc2c(O)ccc(CC14)c32,"InChI=1S/C17H19NO3/c1-18-7-6-17-10-3-5-13(20)16(17)21-15-12(19)4-2-9(14(15)17)8-11(10)18/h2,4,10-11,16,19H,3,5-8H2,1H3/t10-,11+,16-,17-/m0/s1",1415.4920000000002,1.339,296,40,1.0,4.16,1,1,285.13649350000003,0.9010958990000001,0.965529599,0.933265951,9.143096401000001,0.5724374879999999,0.147424958,2.7944329239999997,P212121,2016,1.34057
19,18.52,7.82,10.08,True,90.0,True,90.0,True,90.0,4,2,2,1,6,4,4,2,1,ESTRON03,CC12CCC3C(CCc4cc(O)ccc34)C1CCC2=O,"InChI=1S/C18H22O2/c1-18-9-8-14-13-5-3-12(19)10-11(13)2-4-15(14)16(18)6-7-17(18)20/h3,5,10,14-16,19H,2,4,6-9H2,1H3/t14-,15-,16+,18+/m1/s1",1459.351,1.2309999999999999,295,20,1.0,9.0,1,1,270.16197989999995,0.532057276,0.575972814,0.923754148,7.273442516,0.57063663,0.10830668199999999,0.481010286,P212121,1972,1.23957
14,11.11,15.9,8.66,True,90.0,False,92.7,True,90.0,4,2,3,3,4,5,4,4,1,ETHUSS,CCN(CC)C(=S)SSC(=S)N(CC)CC,"InChI=1S/C10H20N2S4/c1-5-11(6-2)9(13)15-16-10(14)12(7-3)8-4/h5-8H2,1-4H3",1528.082,1.2890000000000001,295,31,1.0,9.4,1,1,296.0509326,0.6156050989999999,0.835816752,0.73653118,8.031078776000001,0.555660894,0.338563905,0.197527898,P21/c,1967,1.3134
4,7.52,8.62,9.74,True,90.0,False,110.36,True,90.0,2,3,4,4,5,5,5,5,3,EWUHAF,NS(=O)(=O)c1cc2c(NCNS2(=O)=O)cc1C(F)(F)F,"InChI=1S/C8H8F3N3O4S2/c9-8(10,11)4-1-5-7(2-6(4)19(12,15)16)20(17,18)14-3-13-5/h1-2,13-14H,3H2,(H2,12,15,16)",592.146,1.858,123,28,1.0,4.69,1,1,330.99083239999993,0.767379742,0.955476436,0.803138322,8.415638894,0.601235363,0.451425326,2.752936291,P21,2003,1.79895
19,18.78,10.53,9.85,True,90.0,True,90.0,True,90.0,4,3,4,2,5,7,3,3,5,FAHFAV,CC1CCC2C(C)C(OC3OC4(C)CCC1C23OO4)OC(=O)CCC(O)=O,"InChI=1S/C19H28O8/c1-10-4-5-13-11(2)16(23-15(22)7-6-14(20)21)24-17-19(13)12(10)8-9-18(3,25-17)26-27-19/h10-13,16-17H,4-9H2,1-3H3,(H,20,21)/t10-,11-,12+,13+,16-,17-,18-,19-/m1/s1",1948.1979999999999,1.311,295,27,1.0,6.7,1,1,384.17841789999994,0.7041928540000001,0.7992915629999999,0.881021253,10.34238702,0.5192568129999999,0.22136548,4.340914904,P212121,1986,1.27316
2,8.93,9.72,12.6,False,93.31,False,97.12,False,101.47,2,4,4,4,4,8,3,2,3,FARRUM,COc1cc2ncnc(Nc3ccc(F)c(Cl)c3)c2cc1OCCCN1CCOCC1,"InChI=1S/C22H24ClFN4O3/c1-29-20-13-19-16(12-21(20)31-8-2-5-28-6-9-30-10-7-28)22(26-14-25-19)27-15-3-4-18(24)17(23)11-15/h3-4,11-14H,2,5-10H2,1H3,(H,25,26,27)",1059.516,1.401,296,55,1.0,5.3,1,1,446.15209649999997,0.712880244,0.938810963,0.759343757,11.40763676,0.52206845,0.14097167300000002,2.741513125,P-1,2004,1.34208
19,19.38,11.76,4.61,True,90.0,True,90.0,True,90.0,4,2,3,2,5,4,5,5,3,FDOURD,OCC1OC(CC1O)N1C=C(F)C(=O)NC1=O,"InChI=1S/C9H11FN2O5/c10-4-2-12(9(16)11-8(4)15)7-1-5(14)6(3-13)17-7/h2,5-7,13-14H,1,3H2,(H,11,15,16)/t5-,6+,7+/m0/s1",1050.66,1.556,295,27,1.0,9.2,1,1,246.0651997,0.682845499,0.786358795,0.868363784,7.616624097000001,0.637449033,0.411048681,2.338455166,P212121,1964,1.60022
4,9.16,5.14,8.97,True,90.0,False,95.81,True,90.0,2,1,2,2,4,3,5,5,2,FIFGOQ,[NH3+]C(CCCNC(N)=O)C(=O)[O-],"InChI=1S/C6H13N3O3/c7-4(5(10)11)2-1-3-9-6(8)12/h4H,1-3,7H2,(H,10,11)(H3,8,9,12)/t4-/m0/s1",420.45,1.3840000000000001,295,25,1.0,2.9,1,1,175.09569130000003,0.564644589,0.7166988540000001,0.787840786,6.401125397,0.601818787,0.510944527,1.7898302130000001,P21,1987,1.4177
14,7.07,10.09,15.48,True,90.0,False,100.74,True,90.0,4,2,1,4,2,2,5,3,2,FILGEM,CC1=C(C=C(C#N)C(=O)N1)c1ccncc1,"InChI=1S/C12H9N3O/c1-8-11(9-2-4-14-5-3-9)6-10(7-13)12(16)15-8/h2-6H,1H3,(H,15,16)",1084.164,1.294,295,25,1.0,6.0,1,1,211.0745619,0.492633641,0.9132224040000001,0.539445418,5.450297301,0.646786199,0.283750305,1.688503151,P21/c,1987,1.3705399999999999
19,7.18,9.97,26.62,True,90.0,True,90.0,True,90.0,8,1,3,3,5,3,5,2,2,FITPIH,O=C1C=CC=C2C3CNCC(C3)CN12,"InChI=1S/2C11H14N2O/c2*14-11-3-1-2-10-9-4-8(5-12-6-9)7-13(10)11/h2*1-3,8-9,12H,4-7H2/t2*8-,9+/m00/s1",1904.215,1.327,295,56,2.0,4.7,1,1,190.1106131,0.650913871,0.803995001,0.8095994000000001,6.179300499,0.624168105,0.139793431,1.015134311,P212121,1987,1.33443
4,5.72,12.0,17.67,True,90.0,False,94.28,True,90.0,4,2,4,2,6,5,4,5,2,FIXGAU,CC1=CN(C2CC(N=[N+]=[N-])C(CO)O2)C(=O)NC1=O,"InChI=1S/2C10H13N5O4/c2*1-5-3-15(10(18)12-9(5)17)8-2-6(13-14-11)7(4-16)19-8/h2*3,6-8,16H,2,4H2,1H3,(H,12,17,18)/t2*6-,7+,8+/m00/s1",1209.7930000000001,1.4669999999999999,295,64,2.0,3.5,1,1,267.0967539,0.793145612,0.7934186879999999,0.999655825,8.991888902000001,0.590080693,0.44050007399999996,1.43377676,P21,1986,1.45685
2,8.63,9.16,12.58,False,99.12,False,100.02,False,90.02,8,1,2,2,3,1,6,5,1,FURACL01,FC1=CNC(=O)NC1=O,"InChI=1S/4C4H3FN2O2/c4*5-2-1-6-4(9)7-3(2)8/h4*1H,(H2,6,7,8,9)",966.385,1.788,150,48,4.0,4.91,1,1,130.0178556,0.52340146,0.7927208859999999,0.660259455,4.513897533,0.786778997,0.507444632,0.901085624,P-1,2005,1.78525
14,5.15,15.0,6.65,True,90.0,False,110.34,True,90.0,4,1,3,4,4,2,6,5,1,FURACL02,FC1=CNC(=O)NC1=O,"InChI=1S/C4H3FN2O2/c5-2-1-6-4(9)7-3(2)8/h1H,(H2,6,7,8,9)",482.389,1.791,293,12,1.0,7.52,1,1,130.0178556,0.687425831,0.9394807559999999,0.731708262,5.244859086,0.782438392,0.504450399,0.90350977,P21/c,2005,1.78525
2,10.47,15.8,9.58,False,71.87,False,115.04,False,108.48,4,3,2,3,3,3,4,4,3,FURSEM01,NS(=O)(=O)c1cc(C(O)=O)c(NCC2=CC=CO2)cc1Cl,"InChI=1S/2C12H11ClN2O5S/c2*13-9-5-10(15-6-7-2-1-3-20-7)8(12(16)17)4-11(9)21(14,18)19/h2*1-5,15H,6H2,(H,16,17)(H2,14,18,19)",1332.8429999999998,1.6480000000000001,295,64,2.0,6.8,1,1,330.00772010000003,0.532964866,0.851785722,0.6257029820000001,6.7739075710000005,0.589644854,0.39766222,2.339002348,P-1,1978,1.5762399999999999
14,5.01,10.11,26.62,True,90.0,False,95.4,True,90.0,4,3,3,3,4,5,4,5,4,FURSEM14,NS(=O)(=O)c1cc(C(O)=O)c(NCC2=CC=CO2)cc1Cl,"InChI=1S/C12H11ClN2O5S/c13-9-5-10(15-6-7-2-1-3-20-7)8(12(16)17)4-11(9)21(14,18)19/h1-5,15H,6H2,(H,16,17)(H2,14,18,19)",1342.0910000000001,1.6369999999999998,100,32,1.0,5.96,1,1,330.00772010000003,0.680047216,0.8757063740000001,0.776569906,8.733932776,0.595446081,0.400995215,3.011797094,P21/n,2010,1.5762399999999999
19,6.62,12.66,20.7,True,90.0,True,90.0,True,90.0,4,3,3,4,3,4,3,1,2,FUXMOA,CCC12CCC3C(CCC4=CC(=O)CCC34)C1C=CC2(O)C#C,"InChI=1S/C21H26O2/c1-3-20-11-9-17-16-8-6-15(22)13-14(16)5-7-18(17)19(20)10-12-21(20,23)4-2/h2,10,12-13,16-19,23H,3,5-9,11H2,1H3/t16-,17+,18+,19-,20-,21-/m0/s1",1734.85,1.189,295,49,1.0,5.6,1,1,310.19328010000004,0.651184685,0.946336822,0.688110903,7.910126253,0.543322134,0.09291839699999999,1.940706489,P212121,1987,1.18896
61,7.3,13.05,13.77,True,90.0,True,90.0,True,90.0,8,1,4,4,4,2,6,3,3,GALDEC,CN1C=CC(=O)C(=C1C)O,"InChI=1S/C7H9NO2/c1-5-7(10)6(9)3-4-8(5)2/h3-4,10H,1-2H3",1312.164,1.4080000000000001,295,19,1.0,4.4,1,1,139.06332849999998,0.720391917,0.9160608490000001,0.786401818,5.943232497,0.686956969,0.235434349,2.036655707,Pbca,1988,1.40075
19,8.13,9.74,15.74,True,90.0,True,90.0,True,90.0,4,2,4,4,5,5,4,2,3,GAQTAU,CC(C)CN1C=Nc2c(N)nc3ccccc3c12,"InChI=1S/C14H16N4/c1-9(2)7-18-8-16-12-13(18)10-5-3-4-6-11(10)17-14(12)15/h3-6,8-9H,7H2,1-2H3,(H2,15,17)",1246.731,1.28,292,34,1.0,4.67,1,1,240.1374965,0.761698172,0.947744206,0.803695942,8.514101414,0.588104235,0.186404105,2.12792819,P212121,2005,1.2756100000000001
4,7.16,8.44,10.19,True,90.0,False,95.63,True,90.0,2,2,3,3,4,4,3,2,2,GEJHOT,CCC(CO)NCCNC(CC)CO,"InChI=1S/C10H24N2O2/c1-3-9(7-13)11-5-6-12-10(4-2)8-14/h9-14H,3-8H2,1-2H3/t9-,10-/m0/s1",612.738,1.107,294,38,1.0,4.06,1,1,204.183778,0.648712605,0.8877235000000001,0.730759753,7.479782056,0.536053776,0.19623293100000003,1.0006425829999999,P21,2006,1.13227
19,13.22,14.75,11.51,True,90.0,True,90.0,True,90.0,4,4,4,3,6,9,3,2,3,GICVUJ,COC12CC(COC(=O)c3cncc(Br)c3)CN(C)C1CC1=CN(C)c3cccc2c13,"InChI=1S/C24H26BrN3O3/c1-27-13-17-8-21-24(30-3,19-5-4-6-20(27)22(17)19)9-15(12-28(21)2)14-31-23(29)16-7-18(25)11-26-10-16/h4-7,10-11,13,15,21H,8-9,12,14H2,1-3H3/t15-,21-,24+/m1/s1",2245.3089999999997,1.433,295,31,1.0,17.0,1,1,483.1157538,0.795019913,0.807276584,0.9848172590000001,12.88229977,0.522056974,0.114360629,2.1730185680000003,P212121,1988,1.41164
14,20.04,7.5,12.97,True,90.0,False,98.09,True,90.0,4,3,1,3,1,4,3,2,2,GIXXOB,Fc1ccc(cc1)C(=O)CCCN1CCC(=CC1)N1C(=O)Nc2ccccc12,"InChI=1S/C22H22FN3O2/c23-17-9-7-16(8-10-17)21(27)6-3-13-25-14-11-18(12-15-25)26-20-5-2-1-4-19(20)24-22(26)28/h1-2,4-5,7-11H,3,6,12-15H2,(H,24,28)",1929.361,1.306,293,50,1.0,2.97,1,1,379.1696052,0.39819084,0.817795725,0.48690746100000004,7.252734976,0.5273575620000001,0.130589286,1.255562565,P21/c,2008,1.29738
19,7.0,9.96,6.29,True,90.0,True,90.0,True,90.0,4,1,5,3,6,3,6,5,1,GLCROL,OCC(O)CO,"InChI=1S/C3H8O3/c4-1-3(6)2-5/h3-6H,1-2H2",438.539,1.395,295,6,1.0,12.0,1,1,92.04734412,0.823115954,0.833541822,0.987492088,6.110872405,0.672434967,0.426878119,0.7295490170000001,P212121,1968,1.43868
19,8.68,9.31,9.73,True,90.0,True,90.0,True,90.0,4,1,4,3,6,4,5,5,1,GLUCIT,OCC(O)C(O)C(O)C(O)CO,"InChI=1S/C6H14O6/c7-1-3(9)5(11)6(12)4(10)2-8/h3-12H,1-2H2/t3-,4+,5-,6-/m1/s1",785.8589999999999,1.54,295,24,1.0,3.2,1,1,182.07903819999999,0.786355595,0.8023617479999999,0.9800512020000001,7.232282336,0.6098437,0.512180113,0.9341826959999999,P212121,1971,1.52957
19,16.01,7.76,5.1,True,90.0,True,90.0,True,90.0,4,1,3,2,5,3,5,5,2,GLUTAM,[NH3+]C(CCC(N)=O)C(=O)[O-],"InChI=1S/C5H10N2O3/c6-3(5(9)10)1-2-4(7)8/h3H,1-2,6H2,(H2,7,8)(H,9,10)/t3-/m0/s1",633.612,1.5319999999999998,295,10,1.0,12.0,1,1,146.0691422,0.64324854,0.7717362390000001,0.833508273,6.483986831,0.634027309,0.553878071,1.354664025,P212121,1952,1.49653
19,28.05,8.8,5.63,True,90.0,True,90.0,True,90.0,4,3,2,4,2,4,3,5,4,GLUTAS,[NH3+]C(CCC(=O)NC(CS)C(=O)NCC(O)=O)C(=O)[O-],"InChI=1S/C10H17N3O6S/c11-5(10(18)19)1-2-7(14)13-6(4-20)9(17)12-3-8(15)16/h5-6,20H,1-4,11H2,(H,12,17)(H,13,14)(H,15,16)(H,18,19)/t5-,6-/m0/s1",1390.025,1.469,295,28,1.0,21.0,1,1,307.0838063,0.538690004,0.9715443229999999,0.55446776,7.206745146,0.535269257,0.54521544,3.50444642,P212121,1958,1.49166
14,11.23,15.98,18.8,True,90.0,False,104.04,True,90.0,4,5,4,4,4,7,1,2,1,HAXHET,CC(C)(C)c1cc(SC(C)(C)Sc2cc(c(O)c(c2)C(C)(C)C)C(C)(C)C)cc(c1O)C(C)(C)C,"InChI=1S/C31H48O2S2/c1-27(2,3)21-15-19(16-22(25(21)32)28(4,5)6)34-31(13,14)35-20-17-23(29(7,8)9)26(33)24(18-20)30(10,11)12/h15-18,32-33H,1-14H3",3272.015,1.0490000000000002,295,35,1.0,4.8,1,1,516.3095728,0.701658131,0.924866945,0.75865846,10.89250955,0.443155467,0.129539274,0.396519784,P21/n,1993,1.1762299999999999
4,7.42,8.52,10.0,True,90.0,False,111.72,True,90.0,2,2,4,3,5,5,5,5,2,HCSBTZ,NS(=O)(=O)c1cc2c(NCNS2(=O)=O)cc1Cl,"InChI=1S/C7H8ClN3O4S2/c8-4-1-5-7(2-6(4)16(9,12)13)17(14,15)11-3-10-5/h1-2,10-11H,3H2,(H2,9,12,13)",587.467,1.683,295,25,1.0,6.6,1,1,296.96447539999997,0.771003565,0.872972125,0.8831937959999999,8.505705528,0.61736522,0.48768069399999997,1.3354234170000001,P21,1972,1.7501
14,14.67,7.89,10.73,True,90.0,False,99.36,True,90.0,4,2,4,4,5,5,4,2,3,IBPRAC,CC(C)Cc1ccc(cc1)C(C)C(O)=O,"InChI=1S/C13H18O2/c1-9(2)8-11-4-6-12(7-5-11)10(3)13(14)15/h4-7,9-10H,8H2,1-3H3,(H,14,15)/t10-/m0/s1",1224.5439999999999,1.119,295,33,1.0,3.9,1,1,206.13067980000002,0.76609112,0.91942116,0.833231987,8.554739038,0.550538241,0.119921489,2.13538719,P21/c,1974,1.1711200000000002
2,9.3,10.97,9.74,False,69.38,False,110.79,False,92.78,2,3,3,4,3,5,4,2,2,INDMET,COc1ccc2N(C(=C(CC(O)=O)c2c1)C)C(=O)c1ccc(Cl)cc1,"InChI=1S/C19H16ClNO4/c1-11-15(10-18(22)23)16-9-14(25-2)7-8-17(16)21(11)19(24)12-3-5-13(20)6-4-12/h3-9H,10H2,1-2H3,(H,22,23)",865.773,1.3719999999999999,295,41,1.0,5.9,1,1,357.07678569999996,0.6254661020000001,0.937892492,0.666884646,8.579048534,0.554473305,0.173535722,1.070138447,P-1,1972,1.34789
19,11.33,14.74,3.84,True,90.0,True,90.0,True,90.0,4,1,2,2,4,2,6,4,1,INICAC,NNC(=O)c1ccncc1,"InChI=1S/C6H7N3O/c7-9-6(10)5-1-3-8-4-2-5/h1-4H,7H2,(H,9,10)",641.2959999999999,1.42,295,17,1.0,9.6,1,1,137.0589118,0.581612687,0.7853609690000001,0.740567344,5.707136519,0.705241709,0.399419495,0.8362966359999999,P212121,1954,1.4562
14,10.99,7.75,16.4,True,90.0,False,98.62,True,90.0,4,2,1,3,1,3,3,3,3,IQILAW,ONC(=O)CCCCCCC(=O)Nc1ccccc1,"InChI=1S/C14H20N2O3/c17-13(15-12-8-4-3-5-9-12)10-6-1-2-7-11-14(18)16-19/h3-5,8-9,19H,1-2,6-7,10-11H2,(H,15,17)(H,16,18)",1381.2089999999998,1.271,100,39,1.0,4.85,1,1,264.14739249999997,0.390270049,0.8779999279999999,0.444498953,6.063838483,0.534770813,0.215196589,2.892090632,P21/n,2011,1.27092
4,9.89,7.78,12.4,True,90.0,False,99.75,True,90.0,2,3,5,4,6,7,3,2,2,IQUMAI,CN1CC(=O)N2C(CC3=C(Nc4ccccc34)C2c2ccc3OCOc3c2)C1=O,"InChI=1S/C22H19N3O4/c1-24-10-19(26)25-16(22(24)27)9-14-13-4-2-3-5-15(13)23-20(14)21(25)12-6-7-17-18(8-12)29-11-28-17/h2-8,16,21,23H,9-11H2,1H3/t16-,21-/m1/s1",940.57,1.375,293,48,1.0,2.59,1,1,389.13755610000004,0.8614863209999999,0.9261527359999999,0.930177375,10.70520276,0.520039688,0.168398794,1.566539774,P21,2003,1.35534
14,6.01,5.19,8.41,True,90.0,False,108.25,True,90.0,2,1,5,4,5,2,6,2,1,ITIZOA,C1CNCCN1,"InChI=1S/C4H10N2/c1-2-6-4-3-5-1/h5-6H,1-4H2",249.043,1.149,150,16,0.5,3.59,1,1,86.08439832,0.8525380359999999,0.961621635,0.886562868,5.426497317000001,0.659190307,0.160834336,0.251431804,P21/n,2004,1.18136
14,7.5,20.72,11.17,True,90.0,False,97.7,True,90.0,8,1,2,4,3,2,6,2,1,IVEJUO02,CC1=CC(=O)c2ccccc2C1=O,"InChI=1S/2C11H8O2/c2*1-7-6-10(12)8-4-2-3-5-9(8)11(7)13/h2*2-6H,1H3",1719.89,1.33,297,42,2.0,14.25,1,1,172.0524295,0.587719056,0.937689195,0.6267738389999999,5.657546862999999,0.6665204379999999,0.16308034400000002,0.304666968,P21/c,2008,1.38325
2,4.4,13.01,13.45,False,116.19,False,94.25,False,93.53,2,2,4,3,5,6,3,3,1,JAKGEH,CN1C=NC2=C1C(=O)N(CCCCC(C)=O)C(=O)N2C,"InChI=1S/C13H18N4O3/c1-9(18)6-4-5-7-17-12(19)10-11(14-8-15(10)2)16(3)13(17)20/h8H,4-7H2,1-3H3",685.0989999999999,1.349,295,38,1.0,4.1,1,1,278.13789039999995,0.742377449,0.8595957890000001,0.863635512,9.327647052,0.546247246,0.22374703699999998,0.991825898,P-1,1989,1.3240100000000001
4,12.46,8.04,13.54,True,90.0,False,112.89,True,90.0,4,2,2,2,4,4,4,2,3,JEKNOC,CC(C)Cc1ccc(cc1)C(C)C(O)=O,"InChI=1S/2C13H18O2/c2*1-9(2)8-11-4-6-12(7-5-11)10(3)13(14)15/h2*4-7,9-10H,8H2,1-3H3,(H,14,15)/t2*10-/m00/s1",1248.933,1.097,295,66,2.0,6.3,1,1,206.13067980000002,0.588356149,0.786559991,0.748011793,7.103585098,0.5601419910000001,0.121902378,2.23855257,P21,1990,1.1711200000000002
19,16.48,8.39,16.99,True,90.0,True,90.0,True,90.0,4,4,3,3,3,5,3,2,2,JEYDEW,CC(CCC(O)=O)C1CCC2C3C(O)CC4CC(O)CCC4(C)C3CC(O)C12C,"InChI=1S/C24H40O5/c1-13(4-7-21(28)29)16-5-6-17-22-18(12-20(27)24(16,17)3)23(2)9-8-15(25)10-14(23)11-19(22)26/h13-20,22,25-27H,4-12H2,1-3H3,(H,28,29)/t13-,14+,15-,16-,17+,18+,19-,20+,22+,23+,24-/m1/s1",2350.2670000000003,1.155,295,69,1.0,5.7,1,1,408.2875744,0.611686996,0.878201067,0.6965227209999999,8.578387588,0.511167571,0.19121542100000002,1.5441834269999999,P212121,1990,1.2421200000000001
19,5.98,11.79,25.52,True,90.0,True,90.0,True,90.0,4,3,3,4,3,4,4,3,3,JIWPEL,CC12CC(O)C3C(CCC4=CC(=O)C=CC34C)C1CCC2(O)C(=O)CO,"InChI=1S/C21H28O5/c1-19-7-5-13(23)9-12(19)3-4-14-15-6-8-21(26,17(25)11-22)20(15,2)10-16(24)18(14)19/h5,7,9,14-16,18,22,24,26H,3-4,6,8,10-11H2,1-2H3/t14-,15-,16-,18+,19-,20-,21-/m0/s1",1798.9260000000002,1.331,220,54,1.0,3.51,1,1,360.19367400000004,0.642354116,0.972695511,0.660385607,7.687053705,0.565125532,0.231785004,2.1190318830000003,P212121,2008,1.2645899999999999
15,22.17,7.69,13.83,True,90.0,False,109.18,True,90.0,8,3,6,4,6,6,6,1,1,JOHGEU,Clc1cc(Cl)c(OCC#CI)cc1Cl,"InChI=1S/C9H4Cl3IO/c10-6-4-8(12)9(5-7(6)11)14-3-1-2-13/h4-5H,3H2",2226.506,2.156,295,18,1.0,3.66,1,1,359.8372458,0.90960332,0.9993959309999999,0.910153115,9.271141584,0.782115454,0.042695067999999996,0.695769285,C2/c,2014,2.14499
61,10.76,9.57,24.56,True,90.0,True,90.0,True,90.0,8,2,4,2,6,6,4,4,2,KABGUR,COc1nccnc1NS(=O)(=O)c1ccc(N)cc1,"InChI=1S/C11H12N4O3S/c1-18-11-10(13-6-7-14-11)15-19(16,17)9-4-2-8(12)3-5-9/h2-7H,12H2,1H3,(H,13,15)",2527.351,1.473,150,31,1.0,3.18,1,1,280.06301119999995,0.72634839,0.72654922,0.999723584,9.414731502999999,0.5680099789999999,0.35990026299999994,1.705388598,Pbca,2010,1.4794100000000001
14,10.92,7.44,21.03,True,90.0,False,93.36,True,90.0,4,3,2,2,3,4,4,1,2,KESBEQ,CC(=O)C1CCC2C3CCC4=CC(=O)CCC4(C)C3CCC12C,"InChI=1S/C21H30O2/c1-13(22)17-6-7-18-16-5-4-14-12-15(23)8-10-20(14,2)19(16)9-11-21(17,18)3/h12,16-19H,4-11H2,1-3H3/t16-,17+,18-,19-,20-,21+/m0/s1",1706.259,1.224,150,53,1.0,8.86,1,1,314.2245802,0.526845484,0.771980549,0.682459532,7.251155861,0.558730405,0.085735366,1.220513741,P21/c,2006,1.16756
61,13.79,13.55,17.96,True,90.0,True,90.0,True,90.0,8,3,3,3,5,6,3,2,3,KUQDAC,CN1C2CCCC1CC(C2)NC(=O)C1=NN(C)c2ccccc12,"InChI=1S/C18H24N4O/c1-21-13-6-5-7-14(21)11-12(10-13)19-18(23)17-15-8-3-4-9-16(15)22(2)20-17/h3-4,8-9,12-14H,5-7,10-11H2,1-2H3,(H,19,23)/t12-,13+,14-",3357.241,1.236,294,47,1.0,4.3,1,1,312.19501139999994,0.6629892620000001,0.82747112,0.801223445,9.422303223,0.53791197,0.12629848300000002,2.226612989,Pbca,2010,1.21844
14,7.85,6.46,18.92,True,90.0,False,93.18,True,90.0,4,2,3,2,5,4,6,5,3,LABJON,O=C1CN(N=CC2=CC=C(O2)N(=O)=O)C(=O)N1,"InChI=1S/C8H6N4O5/c13-6-4-11(8(14)10-6)9-3-5-1-2-7(17-5)12(15)16/h1-3H,4H2,(H,10,13,14)/b9-3+",957.6610000000001,1.652,295,23,1.0,4.0,1,1,238.0338193,0.646926319,0.789541851,0.819369256,7.9079737539999995,0.652263255,0.48927956,2.871801392,P21/n,1993,1.62812
4,6.39,6.26,17.13,True,90.0,False,99.36,True,90.0,4,1,4,3,6,3,6,5,1,LASCAC12,OCC(O)C1OC(=O)C(=C1O)O,"InChI=1S/2C6H8O6/c2*7-1-2(8)5-3(9)4(10)6(11)12-5/h2*2,5,7-10H,1H2/t2*2-,5+/m00/s1",676.198,1.73,120,40,2.0,3.8,1,1,176.032088,0.7745957090000001,0.8467117890000001,0.914828066,6.702251164,0.653116754,0.5302040610000001,0.553961986,P21,1997,1.6866299999999999
19,8.04,10.24,11.14,True,90.0,True,90.0,True,90.0,4,1,4,3,5,5,5,4,2,LAYCET,Nc1ccc(cc1)C(=O)NCC(O)=O,"InChI=1S/C9H10N2O3/c10-7-3-1-6(2-4-7)9(14)11-5-8(12)13/h1-4H,5,10H2,(H,11,14)(H,12,13)",917.1519999999999,1.406,295,24,1.0,7.9,1,1,194.0691422,0.746856018,0.838153659,0.8910729070000001,8.259748042,0.613901053,0.379304088,1.587952244,P212121,1993,1.4417200000000001
4,13.62,5.23,6.06,True,90.0,False,97.56,True,90.0,2,1,3,4,3,3,5,5,3,LDOPAS03,[NH3+]C(Cc1ccc(O)c(O)c1)C(=O)[O-],"InChI=1S/C9H11NO4/c10-6(9(13)14)3-5-1-2-7(11)8(12)4-5/h1-2,4,6,11-12H,3,10H2,(H,13,14)/t6-/m0/s1",428.191,1.5290000000000001,173,25,1.0,1.7,1,1,197.06880780000003,0.661486604,0.961440724,0.688016003,6.674168132999999,0.61691612,0.442024724,2.338084235,P21,1995,1.51685
4,9.61,5.31,14.72,True,90.0,False,86.2,True,90.0,4,1,4,4,5,3,5,4,3,LEUCIN,[NH3+]C(CC(C)C)C(=O)[O-],"InChI=1S/2C6H13NO2/c2*1-4(2)3-5(7)6(8)9/h2*4-5H,3,7H2,1-2H3,(H,8,9)/t2*5-/m00/s1",749.497,1.162,295,18,2.0,13.0,1,1,131.0946287,0.7881270990000001,0.948191885,0.831189458,6.481382097000001,0.63490689,0.338150105,2.0964359530000003,P21,1976,1.208
4,9.49,5.2,14.83,True,90.0,False,99.84,True,90.0,4,1,2,1,5,3,5,5,3,LMETON02,[NH3+]C(CCSC)C(=O)[O-],"InChI=1S/2C5H11NO2S/c2*1-9-3-2-4(6)5(7)8/h2*4H,2-3,6H2,1H3,(H,7,8)/t2*4-/m00/s1",721.48,1.374,120,40,2.0,3.7,1,1,149.0510496,0.557861123,0.6494728879999999,0.8589444340000001,6.034517185,0.614050065,0.443921364,2.733082567,P21,1996,1.41108
19,13.63,7.75,5.16,True,90.0,True,90.0,True,90.0,4,1,5,4,5,3,6,5,2,LTHREO01,[NH3+]C(C(C)O)C(=O)[O-],"InChI=1S/C4H9NO3/c1-2(6)3(5)4(7)8/h2-3,6H,5H2,1H3,(H,7,8)/t2-,3+/m1/s1",545.486,1.45,295,17,1.0,6.8,1,1,119.05824309999998,0.829232911,0.943596695,0.8788001440000001,6.282798411,0.668044175,0.5248646370000001,1.3304974859999998,P212121,1973,1.89543
19,6.91,21.12,5.83,True,90.0,True,90.0,True,90.0,4,1,3,2,5,3,5,4,2,LTYROS10,[NH3+]C(Cc1ccc(O)cc1)C(=O)[O-],"InChI=1S/C9H11NO3/c10-8(9(12)13)5-6-1-3-7(11)4-2-6/h1-4,8,11H,5,10H2,(H,12,13)/t8-/m0/s1",850.888,1.4140000000000001,295,24,1.0,4.9,1,1,181.0738932,0.623590441,0.713137096,0.874432763,6.624118537999999,0.620564627,0.372774793,1.9661941219999999,P212121,1972,1.43203
4,9.71,5.27,12.06,True,90.0,False,90.8,True,90.0,4,1,5,4,5,3,6,4,2,LVALIN,[NH3+]C(C(C)C)C(=O)[O-],"InChI=1S/2C5H11NO2/c2*1-3(2)4(6)5(7)8/h2*3-4H,6H2,1-2H3,(H,7,8)/t2*4-/m00/s1",617.071,1.261,295,16,2.0,12.6,1,1,117.07897859999999,0.8314930140000001,0.9490459659999999,0.87613566,6.218270172,0.665955414,0.38729158,1.808888325,P21,1970,1.4067100000000001
19,8.81,17.98,6.84,True,90.0,True,90.0,True,90.0,4,2,4,2,6,5,4,4,2,MCPRPL,CC(CS)C(=O)N1CCCC1C(O)=O,"InChI=1S/C9H15NO3S/c1-6(5-14)8(11)10-4-2-3-7(10)9(12)13/h6-7,14H,2-5H2,1H3,(H,12,13)/t6-,7+/m1/s1",1083.371,1.3319999999999999,295,14,1.0,7.1,1,1,217.07726430000002,0.774310407,0.778658505,0.994415912,8.057771265,0.570938742,0.335961515,1.204646962,P212121,1980,1.33418
14,7.71,9.28,17.11,True,90.0,False,96.77,True,90.0,4,2,4,3,6,6,4,2,1,MELATN,COc1ccc2NC=C(CCNC(C)=O)c2c1,"InChI=1S/C13H16N2O2/c1-9(16)14-6-5-10-8-15-13-4-3-11(17-2)7-12(10)13/h3-4,7-8,15H,5-6H2,1-2H3,(H,14,16)",1215.871,1.2690000000000001,295,17,1.0,6.3,1,1,232.1211778,0.77100438,0.817665683,0.9429335190000001,9.47821739,0.555178422,0.170396076,0.72144208,P21/c,1972,1.27834
4,8.68,7.57,17.38,True,90.0,False,94.5,True,90.0,2,4,2,3,3,7,2,1,3,MELFIT01,Clc1cccc(N2CCN(CCCCOc3ccc4CCC(=O)Nc4c3)CC2)c1Cl,"InChI=1S/C23H27Cl2N3O2/c24-19-4-3-5-21(23(19)25)28-13-11-27(12-14-28)10-1-2-15-30-18-8-6-17-7-9-22(29)26-20(17)16-18/h3-6,8,16H,1-2,7,9-15H2,(H,26,29)",1138.143,1.308,293,57,1.0,5.67,1,1,447.1480325,0.5608947,0.871354069,0.64370469,10.339606800000002,0.496438672,0.085563872,2.674498484,P21,2009,1.2907600000000001
2,10.22,12.21,18.84,False,82.28,False,82.52,False,82.88,4,4,2,2,4,7,2,1,2,MELFIT03,Clc1cccc(N2CCN(CCCCOc3ccc4CCC(=O)Nc4c3)CC2)c1Cl,"InChI=1S/2C23H27Cl2N3O2/c2*24-19-4-3-5-21(23(19)25)28-13-11-27(12-14-28)10-1-2-15-30-18-8-6-17-7-9-22(29)26-20(17)16-18/h2*3-6,8,16H,1-2,7,9-15H2,(H,26,29)",2295.4970000000003,1.297,293,114,2.0,8.0,1,1,447.1480325,0.54569925,0.718905182,0.759069852,10.79602876,0.499852495,0.086162755,1.559873101,P-1,2009,1.2907600000000001
2,13.31,8.73,7.48,False,114.9,False,81.13,False,101.23,2,2,5,4,5,6,3,2,2,METPRA,CCN(CC)CCNC(=O)c1cc(Cl)c(N)cc1OC,"InChI=1S/C14H22ClN3O2/c1-4-18(5-2)7-6-17-14(19)10-8-11(15)12(16)9-13(10)20-3/h8-9H,4-7,16H2,1-3H3,(H,17,19)",770.225,1.2930000000000001,295,36,1.0,7.98,1,1,299.1400546,0.802766608,0.953158175,0.842217618,9.586975328,0.52483181,0.17150537600000001,1.772425832,P-1,1981,1.2570299999999999
14,8.47,15.12,11.71,True,90.0,False,99.0,True,90.0,4,3,3,2,5,6,4,3,2,MHOCUM,OC1=C(CC2=C(O)c3ccccc3OC2=O)C(=O)Oc2ccccc12,"InChI=1S/C19H12O6/c20-16-10-5-1-3-7-14(10)24-18(22)12(16)9-13-17(21)11-6-2-4-8-15(11)25-19(13)23/h1-8,20-21H,9H2",1481.194,1.507,295,25,1.0,19.0,1,1,336.0633881,0.699525297,0.7808670259999999,0.895831522,9.167077175,0.589112334,0.29078724300000003,1.7495412940000001,P21/c,1968,1.45327
14,7.03,8.73,12.82,True,90.0,False,94.51,True,90.0,4,1,4,3,5,4,6,4,3,MNIMET,CC1=NC=C(N1CCO)N(=O)=O,"InChI=1S/C6H9N3O3/c1-5-7-4-6(9(11)12)8(5)2-3-10/h4,10H,2-3H2,1H3",784.2260000000001,1.45,295,21,1.0,3.5,1,1,171.0643911,0.776726609,0.8667098520000001,0.896178354,7.020398223,0.650876039,0.38973486799999996,2.240449649,P21/c,1979,1.4707700000000001
33,29.22,9.27,6.22,True,90.0,True,90.0,True,90.0,4,3,3,2,5,6,3,2,1,MVERIQ,COc1ccc(Cc2nccc3cc(OC)c(OC)cc23)cc1OC,"InChI=1S/C20H21NO4/c1-22-17-6-5-13(10-18(17)23-2)9-16-15-12-20(25-4)19(24-3)11-14(15)7-8-21-16/h5-8,10-12H,9H2,1-4H3",1684.808,1.338,295,25,1.0,11.9,1,1,339.1470582,0.620152003,0.712733272,0.870103904,9.276842032000001,0.536502982,0.120320867,0.48256509999999997,Pna21,1973,1.27747
2,9.56,11.64,7.34,False,90.75,False,90.77,False,102.7,2,3,3,2,5,6,3,3,3,MYCPHA,COc1c(C)c2COC(=O)c2c(O)c1CC=C(C)CCC(O)=O,"InChI=1S/C17H20O6/c1-9(5-7-13(18)19)4-6-11-15(20)14-12(8-23-17(14)21)10(2)16(11)22-3/h4,20H,5-8H2,1-3H3,(H,18,19)/b9-4+",796.2439999999999,1.3359999999999999,295,34,1.0,7.6,1,1,320.1259884,0.655261719,0.752851895,0.870372677,9.07594104,0.527517782,0.231499572,2.83820052,P-1,1972,1.30723
14,8.91,13.13,9.37,True,90.0,False,99.75,True,90.0,4,2,3,3,4,4,4,3,3,NALIDX,CCN1C=C(C(O)=O)C(=O)c2ccc(C)nc12,"InChI=1S/C12H12N2O3/c1-3-14-6-9(12(16)17)10(15)8-5-4-7(2)13-11(8)14/h4-6H,3H2,1-2H3,(H,16,17)",1081.073,1.4269999999999998,295,29,1.0,9.68,1,1,232.08479219999998,0.620521495,0.800191051,0.775466677,7.226442136,0.599475611,0.25790227600000004,2.778808928,P21/c,1976,1.41364
19,18.14,9.56,9.49,True,90.0,True,90.0,True,90.0,4,3,1,4,2,3,4,1,2,NDNHCL01,CN1CCN(CC1)C1=Nc2cc(Cl)ccc2Nc2ccccc12,"InChI=1S/C18H19ClN4/c1-22-8-10-23(11-9-22)18-14-4-2-3-5-15(14)20-16-7-6-13(19)12-17(16)21-18/h2-7,12,20H,8-11H2,1H3",1644.805,1.32,295,42,1.0,0.0,1,1,326.12982430000005,0.480334169,0.94096682,0.510468763,6.60188608,0.564776764,0.082262688,1.324742403,P212121,1982,1.2992700000000001
14,12.95,10.91,12.58,True,90.0,False,109.53,True,90.0,4,3,4,4,4,6,4,1,1,NDOCLH01,CN1CCN(CC1)C1=Nc2ccccc2Oc2ccc(Cl)cc12,"InChI=1S/C18H18ClN3O/c1-21-8-10-22(11-9-21)18-14-12-13(19)6-7-16(14)23-17-5-3-2-4-15(17)20-18/h2-7,12H,8-11H2,1H3",1675.715,1.2990000000000002,295,41,1.0,5.4,1,1,327.11383989999996,0.7681946059999999,0.985909455,0.779173586,9.421876968,0.575774007,0.077040055,0.7743635959999999,P21/c,1977,1.32256
19,20.8,12.19,6.54,True,90.0,True,90.0,True,90.0,4,2,5,3,6,6,4,1,2,NETIND,CC12CCC3C(CCC4=CC(=O)CCC34)C1CCC2(O)C#C,"InChI=1S/C20H26O2/c1-3-20(22)11-9-18-17-6-4-13-12-14(21)5-7-15(13)16(17)8-10-19(18,20)2/h1,12,15-18,22H,4-11H2,2H3/t15-,16+,17+,18-,19-,20-/m0/s1",1658.296,1.195,295,48,1.0,4.6,1,1,298.19328010000004,0.803205347,0.826648501,0.9716407220000001,9.567768043,0.561994824,0.098565659,1.246611213,P212121,1976,1.19421
14,7.18,11.68,7.22,True,90.0,False,113.38,True,90.0,4,1,2,3,3,1,6,4,2,NICOAC,OC(=O)c1cccnc1,"InChI=1S/C6H5NO2/c8-6(9)5-2-1-3-7-4-5/h1-4H,(H,8,9)",555.48,1.472,295,9,1.0,22.0,1,1,123.0320284,0.517118367,0.8584600370000001,0.602379079,4.427749162,0.736935863,0.33786370600000004,1.203486021,P21/c,1953,1.50789
14,9.44,15.65,3.97,True,90.0,False,99.13,True,90.0,4,1,3,3,4,2,6,4,2,NICOAM,NC(=O)c1cccnc1,"InChI=1S/C6H6N2O/c7-6(9)5-2-1-3-8-4-5/h1-4H,(H2,7,9)",579.3580000000001,1.4,295,9,1.0,19.0,1,1,122.04801280000001,0.655238812,0.825978827,0.7932876609999999,5.437815292000001,0.711084229,0.35709023700000003,1.279286887,P21/a,1954,1.43382
19,6.57,12.79,20.66,True,90.0,True,90.0,True,90.0,4,3,3,3,5,5,4,1,1,NORGES01,CCC12CCC3C(CCC4=CC(=O)CCC34)C1CCC2(O)C#C,"InChI=1S/C21H28O2/c1-3-20-11-9-17-16-8-6-15(22)13-14(16)5-7-18(17)19(20)10-12-21(20,23)4-2/h2,13,16-19,23H,3,5-12H2,1H3/t16-,17+,18+,19-,20-,21-/m0/s1",1734.306,1.197,295,51,1.0,4.7,1,1,312.20893010000003,0.6518330960000001,0.8051384779999999,0.809591286,8.05732073,0.552056684,0.093689323,0.720172864,P212121,1983,1.17266
14,9.3,11.52,8.42,True,90.0,False,95.97,True,90.0,4,1,3,4,4,3,4,3,2,OFIQUR01,CCC(N1CCCC1=O)C(N)=O,"InChI=1S/C8H14N2O2/c1-2-6(8(9)12)10-5-3-4-7(10)11/h6H,2-5H2,1H3,(H2,9,12)/t6-/m0/s1",897.273,1.26,293,26,1.0,5.22,1,1,170.10552769999998,0.681643269,0.928992866,0.733744353,6.654571333,0.580646573,0.252163512,1.6447791390000002,P21/c,2013,1.26952
19,10.3,10.77,18.37,True,90.0,True,90.0,True,90.0,4,4,3,4,3,5,3,5,4,OXYTET,CN(C)C1C2C(O)C3C(=C(O)C2(O)C(=O)C(=C1O)C(N)=O)C(=O)c1c(O)cccc1C3(C)O,"InChI=1S/C22H24N2O9/c1-21(32)7-5-4-6-8(25)9(7)15(26)10-12(21)17(28)13-14(24(2)3)16(27)11(20(23)31)19(30)22(13,33)18(10)29/h4-6,12-14,17,25,27-29,32-33H,1-3H3,(H2,23,31)/t12-,13-,14+,17+,21-,22+/m1/s1",2037.098,1.501,123,57,1.0,6.0,1,1,460.14818030000004,0.663778876,0.967486099,0.686086215,8.614828902000001,0.517408118,0.41018336200000005,3.7191377510000003,P212121,1976,1.4188100000000001
14,7.01,18.93,9.65,True,90.0,False,97.21,True,90.0,4,2,1,3,2,2,4,2,2,PABHIJ,Cc1ccnc2N(C3CC3)c3ncccc3C(=O)Nc12,"InChI=1S/C15H14N4O/c1-9-6-8-17-14-12(9)18-15(20)11-3-2-7-16-13(11)19(14)10-4-5-10/h2-3,6-8,10H,4-5H2,1H3,(H,18,20)",1269.981,1.393,295,34,1.0,4.5,1,1,266.1167611,0.464352526,0.805470565,0.576498443,5.73559601,0.585179528,0.18392889899999998,1.004099551,P21/c,1992,1.36297
14,9.53,11.86,10.79,True,90.0,False,111.56,True,90.0,4,2,4,2,6,5,5,3,3,PHBARB,CCC1(C(=O)NC(=O)NC1=O)c1ccccc1,"InChI=1S/C12H12N2O3/c1-2-12(8-6-4-3-5-7-8)9(15)13-11(17)14-10(12)16/h3-7H,2H2,1H3,(H2,13,14,15,16,17)",1134.639,1.36,295,29,1.0,6.6,1,1,232.08479219999998,0.7809988409999999,0.7853881859999999,0.9944112409999999,8.162587178999999,0.6005293389999999,0.269695167,2.230653898,P21/c,1974,1.37099
19,11.55,9.02,5.2,True,90.0,True,90.0,True,90.0,4,1,4,2,6,2,6,4,3,PROLIN,O=C([O-])C1[NH2+]CCC1,"InChI=1S/C5H9NO2/c7-5(8)4-2-1-3-6-4/h4,6H,1-3H2,(H,7,8)/t4-/m0/s1",541.741,1.412,295,17,1.0,16.9,1,1,115.0633285,0.710286841,0.7483374340000001,0.9491531609999999,5.718650181,0.680109392,0.35004587,2.128206074,P212121,1965,1.43769
19,7.34,8.65,16.11,True,90.0,True,90.0,True,90.0,4,1,4,4,4,4,4,2,1,PSEPED,CNC(C)C(O)c1ccccc1,"InChI=1S/C10H15NO/c1-8(11-2)10(12)9-6-4-3-5-7-9/h3-8,10-12H,1-2H3/t8-,10+/m0/s1",1022.1389999999999,1.074,295,27,1.0,6.5,1,1,165.1153641,0.744608928,0.9910235559999999,0.75135341,7.146910329,0.585237998,0.127505661,0.47425292799999996,P212121,1977,1.16116
14,23.07,6.73,3.73,True,90.0,False,101.0,True,90.0,4,1,4,3,5,3,6,5,2,PYRZIN,NC(=O)c1cnccn1,"InChI=1S/C5H5N3O/c6-5(9)4-3-7-1-2-8-4/h1-3H,(H2,6,9)",567.518,1.4409999999999998,295,14,1.0,6.8,1,1,123.0432618,0.7862632709999999,0.898487659,0.8750963490000001,6.358691102000001,0.729790721,0.46053166799999995,1.011644974,P21/a,1960,1.51484
14,5.88,6.92,22.26,True,90.0,False,90.08,True,90.0,4,1,5,4,6,4,5,3,3,QIMKIG,[NH3+]CC1(CCCCC1)CC(=O)[O-],"InChI=1S/C9H17NO2/c10-7-9(6-8(11)12)4-2-1-3-5-9/h1-7,10H2,(H,11,12)",905.173,1.2570000000000001,153,29,1.0,4.64,1,1,171.12592880000003,0.850423785,0.9397507829999999,0.9049460779999999,7.414860687999999,0.631343379,0.284822384,2.19962432,P21/c,2001,1.27039
19,5.3,8.22,20.87,True,90.0,True,90.0,True,90.0,4,1,2,3,3,2,5,3,1,QQQAXG01,CCOC(=O)c1ccc(N)cc1,"InChI=1S/C9H11NO2/c1-2-12-9(11)7-3-5-8(10)6-4-7/h3-6H,2,10H2,1H3",909.2339999999999,1.207,295,23,1.0,12.0,1,1,165.07897859999997,0.5294492510000001,0.8239527959999999,0.64257231,5.7638500210000005,0.6161452789999999,0.22913739100000002,0.439903052,P212121,1987,1.29132
14,11.52,11.21,4.92,True,90.0,False,90.83,True,90.0,4,1,1,2,3,1,6,4,2,SALIAC,OC(=O)c1ccccc1O,"InChI=1S/C7H6O3/c8-6-4-2-1-3-5(6)7(9)10/h1-4,8H,(H,9,10)",635.298,1.444,295,16,1.0,5.9,1,1,138.03169409999998,0.489648563,0.766829887,0.638536097,4.3344438919999995,0.717030139,0.350986529,1.551027329,P21/a,1965,1.52036
15,12.92,4.98,21.04,True,90.0,False,91.8,True,90.0,8,1,4,3,6,3,6,4,2,SALMID,NC(=O)c1ccccc1O,"InChI=1S/C7H7NO2/c8-7(10)5-3-1-2-4-6(5)9/h1-4,9H,(H2,8,10)",1353.079,1.3459999999999999,295,10,1.0,8.7,1,1,137.0476785,0.798883415,0.807473581,0.9893616759999999,6.742316768999999,0.6842694509999999,0.361878068,1.4309087530000002,I2/c,1964,1.4358
14,3.77,7.35,23.48,True,90.0,False,94.38,True,90.0,4,1,2,4,2,1,6,5,3,SAQJAV,[NH3+]c1ccc(O)c(c1)C(=O)[O-],"InChI=1S/C7H7NO3/c8-4-1-2-6(9)5(3-4)7(10)11/h1-3,9H,8H2,(H,10,11)",648.673,1.568,295,11,1.0,4.1,1,1,153.04259309999998,0.537258499,0.97307266,0.552125777,4.81935765,0.6955193059999999,0.48823271799999995,2.533975261,P21/n,1997,1.59751
2,7.0,8.11,13.6,False,85.68,False,88.36,False,74.88,2,3,2,3,4,5,4,4,3,SEDZOQ,CN1C(=C(O)c2ccccc2S1(=O)=O)C(=O)NC1=NC=C(C)S1,"InChI=1S/C14H13N3O4S2/c1-8-7-15-14(22-8)16-13(19)11-12(18)9-5-3-4-6-10(9)23(20,21)17(11)2/h3-7,18H,1-2H3,(H,15,16,19)",742.512,1.5719999999999998,295,36,1.0,3.5,1,1,351.03474789999996,0.583244502,0.8277530059999999,0.70461176,8.308746272999999,0.573965163,0.380552372,2.096888316,P-1,1998,1.5126600000000001
19,7.24,11.0,19.64,True,90.0,True,90.0,True,90.0,4,3,3,3,4,4,3,4,3,SEQKAA,CC1(C)OC2COC3(COS(N)(=O)=O)OC(C)(C)OC3C2O1,"InChI=1S/C12H21NO8S/c1-10(2)18-7-5-16-12(6-17-22(13,14)15)9(8(7)19-10)20-11(3,4)21-12/h7-9H,5-6H2,1-4H3,(H2,13,14,15)/t7-,8-,9+,12+/m1/s1",1565.0710000000001,1.44,295,43,1.0,4.2,1,1,339.09878760000004,0.625443386,0.887207967,0.7049569090000001,7.817125406000001,0.542397745,0.326961395,2.505210982,P212121,1998,1.40363
2,8.04,9.55,10.48,False,99.0,False,83.0,False,116.3,2,3,4,2,6,6,4,4,2,SFDMOX03,COc1cc(NS(=O)(=O)c2ccc(N)cc2)nc(OC)n1,"InChI=1S/C12H14N4O4S/c1-19-11-7-10(14-12(15-11)20-2)16-21(17,18)9-5-3-8(13)4-6-9/h3-7H,13H2,1-2H3,(H,14,15,16)",711.243,1.449,295,21,1.0,8.7,1,1,310.0735759,0.716137024,0.72730341,0.984646867,9.542654751,0.554158236,0.35284969299999996,1.412956665,P-1,1995,1.4323
15,20.26,7.01,20.11,True,90.0,False,109.58,True,90.0,8,2,3,3,4,5,5,2,2,SIKLIH01,OC(=O)Cc1ccccc1Nc1c(Cl)cccc1Cl,"InChI=1S/C14H11Cl2NO2/c15-10-5-3-6-11(16)14(10)17-12-7-2-1-4-9(12)8-13(18)19/h1-7,17H,8H2,(H,18,19)",2689.566,1.463,295,30,1.0,5.17,1,1,295.016684,0.69803611,0.882254199,0.791196132,8.03886036,0.603133068,0.158714203,1.639055564,C2/c,1993,1.44833
61,9.15,11.7,22.88,True,90.0,True,90.0,True,90.0,8,2,4,2,6,5,4,4,3,SLFNMA01,Cc1ccnc(NS(=O)(=O)c2ccc(N)cc2)n1,"InChI=1S/C11H12N4O2S/c1-8-6-7-13-11(14-8)15-18(16,17)10-4-2-9(12)3-5-10/h2-7H,12H2,1H3,(H,13,14,15)",2449.345,1.433,295,30,1.0,7.8,1,1,264.0680966,0.705797424,0.75094818,0.939875005,8.719238423,0.5660187839999999,0.338523785,2.010269136,Pbca,1982,1.43754
33,14.47,21.95,8.2,True,90.0,True,90.0,True,90.0,8,2,4,2,6,5,4,4,3,SLFNMA02,Cc1ccnc(NS(=O)(=O)c2ccc(N)cc2)n1,"InChI=1S/2C11H12N4O2S/c2*1-8-6-7-13-11(14-8)15-18(16,17)10-4-2-9(12)3-5-10/h2*2-7H,12H2,1H3,(H,13,14,15)",2606.485,1.347,295,60,2.0,4.7,1,1,264.0680966,0.760910726,0.780126421,0.975368485,8.942620323,0.569650124,0.34054900299999996,2.056277553,Pn21a,1992,1.43754
15,16.06,5.48,25.76,True,90.0,False,96.12,True,90.0,8,2,5,4,5,6,4,4,2,SLFNMB01,CC1=CC(=NO1)NS(=O)(=O)c1ccc(N)cc1,"InChI=1S/C10H11N3O3S/c1-7-6-10(12-16-7)13-17(14,15)9-4-2-8(11)3-5-9/h2-6H,11H2,1H3,(H,12,13)",2253.7929999999997,1.493,295,28,1.0,3.2,1,1,253.0521122,0.853044095,0.967689192,0.881526943,9.08297258,0.572622835,0.35806988,1.7111092559999999,C2/c,1982,1.48111
14,7.43,18.99,9.32,True,90.0,False,99.09,True,90.0,4,2,5,3,6,6,3,4,3,SLFNMD01,CC1=CC(=NC(=N1)NS(=O)(=O)c1ccc(N)cc1)C,"InChI=1S/C12H14N4O2S/c1-8-7-9(2)15-12(14-8)16-19(17,18)11-5-3-10(13)4-6-11/h3-7H,13H2,1-2H3,(H,14,15,16)",1298.117,1.4240000000000002,295,33,1.0,4.5,1,1,278.08374669999995,0.8259190059999999,0.8756689609999999,0.943186344,9.574852805,0.547863231,0.311987599,2.2610808369999997,P21/a,1983,1.39881
61,14.88,14.24,11.31,True,90.0,True,90.0,True,90.0,8,2,3,4,3,4,4,4,2,SLFSXZ,CC1=NOC(=C1C)NS(=O)(=O)c1ccc(N)cc1,"InChI=1S/C11H13N3O3S/c1-7-8(2)13-17-11(7)14-18(15,16)10-5-3-9(12)4-6-10/h3-6,14H,12H2,1-2H3",2396.489,1.482,295,18,1.0,14.9,1,1,267.0677623,0.630350112,0.920749038,0.684605778,7.252278726,0.557388824,0.33183235899999997,1.0066022540000001,Pbca,1979,1.4268299999999998
14,5.52,8.86,5.1,True,90.0,False,91.59,True,90.0,2,1,5,3,6,3,6,5,1,SUCACB02,OC(=O)CCC(O)=O,"InChI=1S/C4H6O4/c5-3(6)1-2-4(7)8/h1-2H2,(H,5,6)(H,7,8)",249.391,1.5730000000000002,295,14,0.5,3.3,1,1,118.02660870000001,0.819312629,0.855040609,0.958214873,6.465759584,0.6787098979999999,0.476779289,0.95486275,P21/c,1981,1.5578100000000001
61,5.65,18.51,14.79,True,90.0,True,90.0,True,90.0,8,1,3,3,5,3,5,5,2,SULAMD,Nc1ccc(cc1)S(N)(=O)=O,"InChI=1S/C6H8N2O2S/c7-5-1-3-6(4-2-5)11(8,9)10/h1-4H,7H2,(H2,8,9,10)",1547.095,1.479,295,15,1.0,13.5,1,1,172.0306485,0.660690322,0.812653959,0.813003265,6.735040202,0.636419029,0.45539024100000003,1.220256505,Pbca,1965,1.52434
14,13.71,5.84,15.11,True,90.0,False,115.0,True,90.0,4,2,4,4,5,4,4,4,2,SULDAZ,Nc1ccc(cc1)S(=O)(=O)Nc1ncccn1,"InChI=1S/C10H10N4O2S/c11-8-2-4-9(5-3-8)17(15,16)14-10-12-6-1-7-13-10/h1-7H,11H2,(H,12,13,14)",1096.454,1.516,295,17,1.0,15.0,1,1,250.0524466,0.724920881,0.903455545,0.802386885,7.921632132,0.586700154,0.370414487,1.8499904619999998,P21/c,1974,1.5112700000000001
4,9.05,12.25,11.78,True,90.0,False,93.91,True,90.0,2,4,5,4,5,9,2,2,2,SUPBEK,CCNC(=O)N(CCCN(C)C)C(=O)C1CC2C(CC3=CNc4cccc2c34)N(CC=C)C1,"InChI=1S/C26H37N5O2/c1-5-11-30-17-19(25(32)31(26(33)27-6-2)13-8-12-29(3)4)14-21-20-9-7-10-22-24(20)18(16-28-22)15-23(21)30/h5,7,9-10,16,19,21,23,28H,1,6,8,11-15,17H2,2-4H3,(H,27,33)/t19-,21-,23-/m1/s1",1302.455,1.1520000000000001,295,70,1.0,6.23,1,1,451.29472539999995,0.8020334709999999,0.991025108,0.8092968220000001,12.18425245,0.46274752,0.119423411,1.188513444,P21,1995,1.20561
14,8.24,8.55,15.56,True,90.0,False,93.67,True,90.0,4,2,2,2,3,3,5,5,1,SUTHAZ,Nc1ccc(cc1)S(=O)(=O)N=C1NC=CS1,"InChI=1S/C9H9N3O2S2/c10-7-1-3-8(4-2-7)16(13,14)12-9-11-5-6-15-9/h1-6H,10H2,(H,11,12)",1093.181,1.551,295,25,1.0,3.8,1,1,255.0136185,0.503080791,0.7736197309999999,0.650294674,6.525047258,0.625846174,0.47213184799999997,0.979436995,P21/c,1971,1.57941
14,10.55,13.22,17.05,True,90.0,False,108.06,True,90.0,8,2,2,3,4,4,5,5,2,SUTHAZ01,Nc1ccc(cc1)S(=O)(=O)N=C1NC=CS1,"InChI=1S/2C9H9N3O2S2/c2*10-7-1-3-8(4-2-7)16(13,14)12-9-11-5-6-15-9/h2*1-6H,10H2,(H,11,12)",2261.68,1.5,295,46,2.0,6.9,1,1,255.0136185,0.572347229,0.8027823270000001,0.7129544459999999,7.237387994,0.613732017,0.462734466,1.216580194,P21/c,1972,1.57941
2,8.16,8.27,14.51,False,93.95,False,105.66,False,96.0,2,3,4,4,5,8,3,2,3,TADLIU,CC(C)OC(=O)C(C)(C)Oc1ccc(cc1)C(=O)c1ccc(Cl)cc1,"InChI=1S/C20H21ClO4/c1-13(2)24-19(23)20(3,4)25-17-11-7-15(8-12-17)18(22)14-5-9-16(21)10-6-14/h5-13H,1-4H3",932.5269999999999,1.285,193,46,1.0,5.2,1,1,360.1128368,0.79072825,0.925817528,0.8540864970000001,11.92325562,0.520566231,0.119479457,2.205933786,P-1,2003,1.2395100000000001
33,8.81,8.87,7.71,True,90.0,True,90.0,True,90.0,4,1,5,4,6,3,6,5,1,THXMAM01,NC(CO)(CO)CO,"InChI=1S/C4H11NO3/c5-4(1-6,2-7)3-8/h6-8H,1-3,5H2",602.3480000000001,1.3359999999999999,295,8,1.0,8.0,1,1,121.0738932,0.8935528770000001,0.968536375,0.922580607,6.050281645,0.651802755,0.493011717,0.48995083100000003,Pna21,1982,1.3544399999999999
14,5.92,18.35,16.63,True,90.0,False,97.25,True,90.0,4,3,1,2,3,5,4,2,2,UMOMAL,OC1=C(C2CCC(CC2)c2ccc(Cl)cc2)C(=O)c2ccccc2C1=O,"InChI=1S/C22H19ClO3/c23-16-11-9-14(10-12-16)13-5-7-15(8-6-13)19-20(24)17-3-1-2-4-18(17)21(25)22(19)26/h1-4,9-13,15,26H,5-8H2/t13-,15-",1791.491,1.36,293,45,1.0,5.32,1,1,366.10227210000005,0.48852228200000003,0.764584833,0.638937972,8.158374432999999,0.563184229,0.135597613,1.129382846,P21/n,2010,1.32036
14,10.39,14.84,10.57,True,90.0,False,100.64,True,90.0,4,3,4,3,6,6,3,2,1,UNOGIN,CN1CCN(CC1)C1=Nc2ccccc2NC2=C1C=C(C)S2,"InChI=1S/C17H20N4S/c1-12-11-13-16(21-9-7-20(2)8-10-21)18-14-5-3-4-6-15(14)19-17(13)22-12/h3-6,11,19H,7-10H2,1-2H3",1600.871,1.296,293,42,1.0,3.33,1,1,312.14086760000004,0.7839945709999999,0.85158848,0.920626087,9.902422776,0.533516985,0.151158552,0.693896295,P21/c,2004,1.27673
2,7.69,10.86,13.0,False,95.79,False,101.13,False,92.19,4,2,4,3,5,4,6,4,1,UNUMEW,ClC1=C(NC2=NCCN2)C2=NSN=C2C=C1,"InChI=1S/2C9H8ClN5S/c2*10-5-1-2-6-8(15-16-14-6)7(5)13-9-11-3-4-12-9/h2*1-2H,3-4H2,(H2,11,12,13)",1057.69,1.5930000000000002,296,48,2.0,4.18,1,1,253.01889390000002,0.70932663,0.8648717690000001,0.8201523690000001,7.531560665,0.654056372,0.362530485,0.545483507,P-1,2011,1.61331
14,5.21,22.1,5.41,True,90.0,False,109.2,True,90.0,4,1,5,3,6,3,5,4,3,VALIDL,[NH3+]C(C(C)C)C(=O)[O-],"InChI=1S/C5H11NO2/c1-3(2)4(6)5(7)8/h3-4H,6H2,1-2H3,(H,7,8)/t4-/m0/s1",588.264,1.3230000000000002,295,19,1.0,10.1,1,1,117.07897859999999,0.823762674,0.852980242,0.96574649,6.553540289,0.642688564,0.373811127,2.013842539,P21/c,1969,1.4067100000000001
19,10.22,17.83,19.92,True,90.0,True,90.0,True,90.0,8,3,1,2,2,4,3,2,2,VAMBOA,CC(C)(Oc1ccc(CCNC(=O)c2ccc(Cl)cc2)cc1)C(O)=O,"InChI=1S/2C19H20ClNO4/c2*1-19(2,18(23)24)25-16-9-3-13(4-10-16)11-12-21-17(22)14-5-7-15(20)8-6-14/h2*3-10H,11-12H2,1-2H3,(H,21,22)(H,23,24)",3629.952,1.324,295,90,2.0,6.0,1,1,361.1080858,0.436456691,0.733776407,0.594808837,7.991954045,0.525460072,0.175291466,1.359929315,P212121,1989,1.28625
2,4.32,9.64,18.09,False,78.51,False,87.12,False,80.57,2,3,4,2,6,6,4,3,4,VETVOG,CCN1C=C(C(O)=O)C(=O)c2cc(F)c(cc12)N1CCNCC1,"InChI=1S/C16H18FN3O3/c1-2-19-9-11(16(22)23)15(21)10-7-12(17)14(8-13(10)19)20-5-3-18-4-6-20/h7-9,18H,2-6H2,1H3,(H,22,23)",728.434,1.456,295,41,1.0,10.5,1,1,319.1332197,0.74854736,0.750139456,0.9978776,9.937939502,0.551571016,0.200659207,3.6447867260000004,P-1,2006,1.37729
19,14.86,7.51,8.79,True,90.0,True,90.0,True,90.0,4,2,2,2,4,3,4,5,3,VIRAZL,NC(=O)C1=NN(C=N1)C1OC(CO)C(O)C1O,"InChI=1S/C8H12N4O5/c9-6(16)7-10-2-12(11-7)8-5(15)4(14)3(1-13)17-8/h2-5,8,13-15H,1H2,(H2,9,16)/t3-,4-,5-,8-/m1/s1",981.188,1.653,295,29,1.0,5.0,1,1,244.08076949999997,0.52772739,0.707032392,0.746397755,6.515236757,0.590157124,0.515121444,2.5673157000000004,P212121,1976,1.57165
14,9.94,8.4,10.22,True,90.0,False,101.18,True,90.0,4,1,2,1,5,4,5,5,4,WERVEU,NC(=O)NN=CC1=CC=C(O1)N(=O)=O,"InChI=1S/C6H6N4O4/c7-6(11)9-8-3-4-1-2-5(14-4)10(12)13/h1-3H,(H3,7,9,11)/b8-3+",837.587,1.571,295,20,1.0,4.28,1,1,198.0389047,0.595409944,0.675859601,0.8809669090000001,7.333897816,0.6379261079999999,0.555391384,3.0144302589999996,P21/a,1994,1.5819999999999999
19,6.45,12.74,25.98,True,90.0,True,90.0,True,90.0,4,3,4,3,5,6,3,2,2,WOLXOK01,CC(C)(C)NC(=O)C1CCC2C3CCC4NC(=O)C=CC4(C)C3CCC12C,"InChI=1S/C23H36N2O2/c1-21(2,3)25-20(27)17-8-7-15-14-6-9-18-23(5,13-11-19(26)24-18)16(14)10-12-22(15,17)4/h11,13-18H,6-10,12H2,1-5H3,(H,24,26)(H,25,27)/t14-,15-,16-,17+,18+,22-,23+/m0/s1",2135.196,1.159,295,27,1.0,5.1,1,1,372.2776784,0.725402027,0.865895144,0.8377481170000001,9.868022896,0.5128127610000001,0.119594948,1.985535899,P212121,1999,1.15561
33,12.91,15.8,4.88,True,90.0,True,90.0,True,90.0,4,2,3,4,3,3,5,3,2,XANTOX,COc1c2OC=Cc2cc2C=CC(=O)Oc12,"InChI=1S/C12H8O4/c1-14-12-10-8(4-5-15-10)6-7-2-3-9(13)16-11(7)12/h2-6H,1H3",996.15,1.442,295,21,1.0,4.6,1,1,216.0422587,0.619226463,0.968902475,0.639100919,6.280267692000001,0.647737963,0.222671217,1.9202982069999999,Pna21,1972,1.50758
19,14.04,15.07,7.14,True,90.0,True,90.0,True,90.0,4,2,4,3,5,5,3,1,2,XAPTAK,COc1ccc2CC3C4CCCCC4(CCN3C)c2c1,"InChI=1S/C18H25NO/c1-19-10-9-18-8-4-3-5-15(18)17(19)11-13-6-7-14(20-2)12-16(13)18/h6-7,12,15,17H,3-5,8-11H2,1-2H3/t15-,17+,18+/m1/s1",1508.8339999999998,1.195,273,45,1.0,3.83,1,1,271.1936144,0.739286297,0.835088663,0.88527881,8.814239467,0.547191336,0.033986102000000004,1.5889135490000001,P212121,2005,1.19131
19,12.24,12.59,12.88,True,90.0,True,90.0,True,90.0,4,3,4,4,4,6,3,1,3,XEZTON,CC12CCC(=O)C=C1C1CC1C1C2CCC2(C)C1C1CC1C12CCC(=O)O1,"InChI=1S/C24H30O3/c1-22-6-3-12(25)9-17(22)13-10-14(13)20-16(22)4-7-23(2)21(20)15-11-18(15)24(23)8-5-19(26)27-24/h9,13-16,18,20-21H,3-8,10-11H2,1-2H3/t13-,14+,15-,16+,18+,20-,21+,22-,23+,24+/m1/s1",1984.3410000000001,1.227,293,57,1.0,5.61,1,1,366.2194948,0.701839568,0.925467809,0.758361945,9.392180682000001,0.546466651,0.099830597,2.221575201,P212121,2013,1.2474299999999998
14,22.05,5.33,22.48,True,90.0,False,110.83,True,90.0,8,2,2,2,4,4,4,1,2,XOCXUI,COc1ccc2cc(CCC(C)=O)ccc2c1,"InChI=1S/2C15H16O2/c2*1-11(16)3-4-12-5-6-14-10-15(17-2)8-7-13(14)9-12/h2*5-10H,3-4H2,1-2H3",2468.701,1.228,295,66,2.0,4.8,1,1,228.1150298,0.554296986,0.740353576,0.7486922509999999,7.694933477999999,0.567664052,0.084473151,1.090427423,P21/c,1999,1.24242
14,26.9,5.88,7.9,True,90.0,False,91.86,True,90.0,4,2,1,2,2,3,4,1,1,XOCXUI02,COc1ccc2cc(CCC(C)=O)ccc2c1,"InChI=1S/C15H16O2/c1-11(16)3-4-12-5-6-14-10-15(17-2)8-7-13(14)9-12/h5-10H,3-4H2,1-2H3",1249.374,1.214,158,33,1.0,4.21,1,1,228.1150298,0.42742844799999996,0.7402796859999999,0.577387784,6.117407892999999,0.5666472260000001,0.08440947900000001,0.741296176,P21/c,2002,1.24242
2,14.56,6.81,7.66,False,119.57,False,103.93,False,91.3,2,2,4,3,6,5,4,2,2,XYANAC,Cc1cccc(Nc2ccccc2C(O)=O)c1C,"InChI=1S/C15H15NO2/c1-10-6-5-9-13(11(10)2)16-14-8-4-3-7-12(14)15(17)18/h3-9,16H,1-2H3,(H,17,18)",631.766,1.268,295,33,1.0,4.5,1,1,241.1102787,0.792022923,0.82341749,0.961872845,8.98035053,0.593917957,0.16370306699999998,1.923553945,P-1,1976,1.27586
4,11.66,5.42,16.23,True,90.0,False,92.64,True,90.0,4,2,3,4,4,4,5,4,3,YACTEC,CC1=CN(C2OC(CO)C=C2)C(=O)NC1=O,"InChI=1S/2C10H12N2O4/c2*1-6-4-12(10(15)11-9(6)14)8-3-2-7(5-13)16-8/h2*2-4,7-8,13H,5H2,1H3,(H,11,14,15)/t2*7-,8+/m00/s1",1025.345,1.452,296,32,2.0,3.6,1,1,224.07970690000002,0.679438945,0.966299919,0.70313464,7.111177852000001,0.600134714,0.315320174,2.028771914,P21,1991,1.4592
19,6.6,10.52,26.17,True,90.0,True,90.0,True,90.0,4,3,3,2,5,5,4,2,2,YAPZEU,CC12CC3=C(ON=C3)C=C1CCC1C2CCC2(C)C1CCC2(O)C#C,"InChI=1S/C22H27NO2/c1-4-22(24)10-8-18-16-6-5-15-11-19-14(13-23-25-19)12-20(15,2)17(16)7-9-21(18,22)3/h1,11,13,16-18,24H,5-10,12H2,2-3H3/t16-,17+,18+,20+,21+,22+/m1/s1",1815.2089999999998,1.235,295,52,1.0,3.4,1,1,337.20417910000003,0.6606146039999999,0.7576645209999999,0.8719091179999999,8.773064481,0.559181889,0.114762642,1.443975292,P212121,1993,1.20066
19,10.02,18.67,20.47,True,90.0,True,90.0,True,90.0,4,7,4,3,5,10,1,3,3,YIGPIO01,CC(C)C(NC(=O)N(C)CC1=CSC(=N1)C(C)C)C(=O)NC(CC(O)C(Cc1ccccc1)NC(=O)OCC1=CN=CS1)Cc1ccccc1,"InChI=1S/C37H48N6O5S2/c1-24(2)33(42-36(46)43(5)20-29-22-49-35(40-29)25(3)4)34(45)39-28(16-26-12-8-6-9-13-26)18-32(44)31(17-27-14-10-7-11-15-27)41-37(47)48-21-30-19-38-23-50-30/h6-15,19,22-25,28,31-33,44H,16-18,20-21H2,1-5H3,(H,39,45)(H,41,47)(H,42,46)/t28-,31-,32-,33-/m0/s1",3831.5209999999997,1.25,273,97,1.0,10.97,1,1,720.3127606,0.770078808,0.8933303770000001,0.86203137,14.91437708,0.409859386,0.225590535,2.12505293,P212121,2001,1.38822
33,20.16,9.05,7.85,True,90.0,True,90.0,True,90.0,4,2,3,1,6,6,3,3,3,ZZZPUS01,CCCCNC(=O)NS(=O)(=O)c1ccc(C)cc1,"InChI=1S/C12H18N2O3S/c1-3-4-9-13-12(15)14-18(16,17)11-7-5-10(2)6-8-11/h5-8H,3-4,9H2,1-2H3,(H2,13,14,15)",1432.217,1.254,295,36,1.0,8.3,1,1,270.1038134,0.651230477,0.653923657,0.995881507,9.420175929,0.5279977229999999,0.232655665,2.320677627,Pn21a,1981,1.32742
19,7.49,13.7,14.78,True,90.0,True,90.0,True,90.0,4,2,3,3,4,5,4,2,3,ZZZTSE01,COc1ccc2CC3C4C=CC(O)C5Oc1c2C45CCN3C,"InChI=1S/C18H21NO3/c1-19-8-7-18-11-4-5-13(20)17(18)22-16-14(21-2)6-3-10(15(16)18)9-12(11)19/h3-6,11-13,17,20H,7-9H2,1-2H3/t11-,12+,13-,17-,18-/m0/s1",1515.977,1.3119999999999998,295,43,1.0,3.1,1,1,299.1521435,0.663179965,0.84710508,0.78287804,8.104894715,0.564622734,0.117501051,2.40535303,P212121,1987,1.31206
